title,url,content,analyzed_content
6.20中联钢联合钢铁网日报,https://www.custeel.com/shouye/common/viewArticle.jsp?group=&cat=&articleID=7995625,"——---**财经****新闻** ---——
**【国际****新****闻】**
**1、英国央行****将政策利率维持在 4.25%不变，符合市场预期，利率保持在逾两年高位。**
**【国内****新****闻】**
**1、商务部新闻发言人何亚东** 表示，中方为加入《全面与进步跨太平洋伙伴关系协定》（CPTPP）作好了充分准备。下一步，中方将主动对接CPTPP等国际高标准经贸规则，稳步扩大制度型开放。同时，继续按照有关程序，与各成员开展深入沟通交流，积极推进加入进程。希望CPTPP成员能加快中国加入进程，以实际行动支持多边主义和自由贸易，为全球经贸发展注入更多确定性和动力。
**2、国家发展改革委** 推荐的润泽科技数据中心项目、万国数据中心项目等2个基础设施REITs获中国证监会批复注册。这2个项目既是数据中心资产类型的首批项目，也是民间投资项目，其成功发行上市，将有利于深化新型基础设施领域投融资机制创新，更好推动数字经济和人工智能产业发展，有利于拓宽民营企业融资渠道，进一步提振民间投资信心。基础设施REITs是盘活存量资产、促进投融资良性循环的重要方式，是吸引社会资本参与、提高项目运营效率的有效手段。截至目前，国家发展改革委已累计向中国证监会推荐92个基础设施REITs项目，其中70个项目已发行上市，发售基金总额达1794亿元，预计可带动新项目投资超1万亿元。下一步，国家发展改革委将进一步加大常态化推荐发行工作力度，积极推动基础设施REITs市场扩围扩容，助力扩大有效投资。
**3、商务部新闻发言人何亚东** 在商务部例行新闻发布会上表示，商务部将会同各地方、有关部门用好上海自贸试验区的试点经验，因地制宜抓好落实，重点推进企业和群众急需的试点举措落地见效，充分释放制度型开放红利。同时，在守住风险底线的前提下，支持自贸试验区充分发挥改革开放综合试验平台作用，以高水平开放推动深层次改革、高质量发展。
**4、国家统计局** 数据显示，22025年5月份，中国钢筋产量为1688.4万吨，同比下降6.0%；1-5月累计产量为8228.3万吨，同比下降1.6%。5月份，中国中厚宽钢带产量为1886.6万吨，同比下降1.3%；1-5月累计产量为9469.4万吨，同比增长4.8%。5月份，中国线材（盘条）产量为1201.6万吨，同比下降1.2%；1-5月累计产量为5619.3万吨，同比增长2.3%。5月份，中国铁矿石原矿产量为8578.7万吨，同比下降3.6%；1-5月累计产量为41432.0万吨，同比下降10.1%。
**5、国家统计局** 数据显示，2025年5月，中国原煤产量为40328.4万吨，同比增长4.2%；1-5月累计产量为198537.2万吨，同比增长6.0%。从分省数据来看，1-5月山西、内蒙古和陕西原煤产量累计同比分别增长13.6%、0.9%和3.1%。5月份，中国焦炭产量为4237.6万吨，同比增长2.4%；1-5月累计产量20722.7万吨，同比增长3.3%。
**6、国家统计局** 最新数据显示，2025年5月，我国挖掘机产量25845台，同比增长11.1%。2025年1-5月，我国挖掘机产量140575台，同比增长13.9%。拖拉机方面，2025年5月，我国大中小型拖拉机产量分别为7165台、17451台、1.1万台，同比分别下降32.8%、下降13.3%、下降8.3%。2025年1-5月，大中小型拖拉机产量分别为58725台、121414台、5.4万台，同比分别下降2.4%、下降8.0%、下降18.2%。总体来看，2025年1-5月，我国主要机械设备产量表现不一。其中，挖掘机、金属切削机床、金属成形机床产量增长最明显，同比分别增长13.9%、13.3%、11.3%；小型拖拉机产量下降明显，同比下降18.2%。
**7、国家统计局** 数据显示，2025年5月中国氧化铝产量748.8万吨，同比增长5.0%；1-5月累计产量3740.1万吨，同比增长9.5%。5月电解铝产量382.8万吨，同比增长5.0%；1-5月累计产量1859.0万吨，同比增长4.0%。5月铝材产量576.2万吨，同比增长0.4%；1-5月累计产量2683.1万吨，同比增长0.6%。5月铝合金产量164.5万吨，同比增长16.7%；1-5月累计产量740.5吨，同比增长15.2%。
**8、西安市住房和城乡建设局等多部门** 联合印发《西安市关于促进房地产市场平稳健康发展的若干措施》。措施提到，实施土地出让金分期缴纳。建设单位在签订土地出让合同后一个月内缴纳土地出让价款50%的项目（剩余价款在一年内缴清），可先行办理国有建设用地使用权预登记、规划、建设等相关手续，支持“拿地即开工”。
**9、据中国汽车工业协会** 分析，5月，汽车和乘用车出口环比同比双增，商用车出口环比同比双降。2025年5月，汽车出口55.1万辆，环比增长6.6%，同比增长14.5%。 2025年1-5月，汽车出口249万辆，同比增长7.9%。2025年5月，乘用车出口46.8万辆，环比增长8.5%，同比增长17.7%。 2025年1-5月，乘用车出口207.9万辆，同比增长7.4%。2025年5月，商用车出口8.3万辆，环比下降2.8%，同比下降0.5%。2025年1-5月，商用车出口41.1万辆，同比增长10.5%。2025年5月，传统燃料汽车出口33.9万辆，环比增长7%，同比下降11.5%。2025年1-5月，传统燃料汽车出口163.5万辆，同比下降8.6%。2025年5月，新能源汽车出口21.2万辆，环比增长6.1%，同比增长1.2倍。2025年1-5月，新能源汽车出口85.5万辆，同比增长64.6%。
——-**-国内钢铁****新****闻追踪** --——
**日照钢铁镀锌花纹新突破：厚度规格成功拓展至 4.5mm**
近日，为积极响应市场对特殊钢材的迫切需求，日照钢铁凭借强大的科研实力与精湛工艺，成功研发出4.5mm镀锌花纹板，以技术突破为笔，书写钢铁制造新篇章，为全球客户带来更丰富多元的产品解决方案‌。
——--**国际钢铁****新****闻追踪** --——
**印度国有钢企 RINL将重启第三座高炉 加速复苏进程**
印度国有钢铁企业Rashtriya Ispat Nigam Limited（简称RINL）计划于6月底前重启其第三座高炉，标志着该公司在经历上一年度严重财务危机后的复兴计划进入关键阶段。目前，RINL运营的两座高炉合计具备年产500万吨粗钢的能力。随着第三座高炉重新投产，其年产能将再增加250万吨，总产能有望提升至750万吨。
——--**中国联合钢铁网****每日视点** --——
—-**钢材市场** -—
**【建筑钢材** 】19日建筑钢材市场价格略有下跌，主要城市螺纹钢均价为3234元/吨，较上一个交易日下跌2元/吨。当日主力合约2510收盘价2986元/吨，较前一个交易日上涨4元/吨。较杭州沙钢螺纹市价3330元/吨升水345元。今日市场价格变化仍然不大。部分地区市场价格略降10元/吨。近期国内部分地区出现了暴雨和大风天气，内蒙古、东北、华北东部和南部、黄淮西部和北部、江汉、西南地区东部等地的部分地区有8级以上雷暴大风或冰雹天气。其中，内蒙古、河北东部、天津北部、山东北部等地的部分地区有雷暴大风，最大风力可达11级以上。在基本面持续疲软，政策预期不强的背景下，此次强降雨和大风天气很有可能影响下游工地开工，使螺纹钢价格继续下跌。预计明日市场小幅下跌。**（****诸葛毅：手机与微信同号 17710186340）**
**【热轧卷板】** 19日热轧现货价格总体小幅下跌。全国主要城市均价3201元/吨较18日跌3元周环比跌12元，上海3180-3200元/吨较18日跌10元较上周同期涨10元。乐从3170-3180元/吨较18日跌10元较上周同期跌30元。天津3110-3130元/吨较18日跌10元较上周同期跌20元。燕钢招标价今天较前一工作日价格跌10元。今天钢坯报价2910-2920元/吨较18日稳。热轧期货高开低走震荡收红，收盘3103元较前一工作日涨1元涨幅0.03%。今日钢材现货成交整体一般偏弱，价格基本持稳，部分地区持续收基差，华东热卷也陆续出现缺规格现象，部分规格溢价较高。淡季行情延续，市场情绪谨慎，目前行情缺少明显方向，短期价格仍将以区间小幅震荡为主。**（史文飞：手机与微信同号 13701002840）**
**【冷轧卷板】** 19日全国主要城市冷轧板均价为3841元/吨，较上工作日跌3元/吨，较上周同期跌23元/吨。其中，上海地区市场价格鞍钢1.0冷卷3530元/吨，跌10元/吨；天津天铁1.0冷卷3520元/吨，跌10元/吨；乐从柳钢1.0冷卷3620元/吨，稳。期货盘面区间震荡，市场投机意愿减弱，冷轧现货市场价格稳中有跌，终端采购多按刚需补库，总体成交量表现一般偏弱，部分商家进行优惠议价出货为主。目前来看，受期货波动影响，直接影响需求端采买情绪；而伴随生产淡季影响，考虑到需求节奏放慢，本周冷轧社库周比微降（区域间库存在差异），部分地区商家有议价出货促成交情况，多数商家持谨慎心态，价格操作空间相对有限。预计短期冷轧窄幅震荡运行。**（王晓娇：手机与微信同号 15200017833）**
**【硅钢****】** 19日无取向硅钢均价4750元/吨，较昨日持稳，较上月同期下调300元/吨；取向硅钢均价13000元/吨，较昨日持稳，较上月同期下调100元/吨。今日硅钢市场价格继续稳中偏弱运行。期螺震荡运行为主，商家情绪一般，市场交投氛围略弱于昨日。华东市场无取向硅钢现货市场延续昨日，商家多反馈淡季特征显现，需求萎缩明显，询单较少，成交以刚需为主。综合来看，当前行情无有力因素驱动行情，商户多对后市持谨慎心态，但国际局势利好大宗，原料端有支撑，短期不具备大幅跌价条件。所以预计短期内国内无取向硅钢市场或将稳中偏弱运行为主。**（****常波：手机与微信同号 13661363643****）**
**【无缝管】** 19日全国无缝管市场主流售价平稳，成交一般。全国33个城市108*4.5的无缝管平均售价为4246元/吨，较前一交易日降2元/吨，较上周同期降5元/吨。原料方面，今日管坯市场主流价格平稳，现连铸管坯出厂售价约3170-3200元/吨左右，热轧坯市场售价3120-3230元/吨左右。管厂方面，山东无缝管出厂售价下行，山东一道次冷拔管出厂4400元/吨，热轧管出厂3800元/吨，聊城厚壁管出厂3800元/吨左右。管厂售价下行，接单情况一般，管厂原料库存呈现小幅下降趋势。供应方面：管厂供应基本维持现状，厂库呈现继续增加态势。管厂订单情况表现一般，部分企业有暗降出货操作。市场方面：全国无缝管主流售价平稳，临沂、聊城等聚集地市场成交价格有所松动，市场整体交投氛围不佳。综上所述，预计今日全国无缝管价格或延续震荡偏弱运行。**（李卫卫：手机与微信同号 13366262119）**
**【不锈钢】** 19日不锈钢现货价格窄幅调整。无锡市场方面：304冷轧太钢报价为13350元/吨，较前一交易日持稳；宏旺资源报价为12700元/吨，较前一交易日持稳；304热轧报价为12200元/吨，较前一交易日持稳。200系方面: 今日冷热轧价格趋低运行，目前J1四尺冷轧资源锡佛主流报至毛边7000-7350元/吨，J2J5资源走至毛边6550-6650元/吨。综合而言，今日市场多数资源价格窄幅调整，期现货市场行情不佳，各方商家议价销售，预计近期市场将持续趋低调整。**（张立磊：手机与微信同号 13663250926）**
—-**原料市场** -—
**【进口矿】** 19日黑色系铁矿石期货震荡波动运行，09铁矿终收698元/吨涨0.43%成交量39.21万日减仓6843手；全天成交价格环比变化不大。唐山地区价格：PB粉716元/吨，麦克粉685元/吨；天津地区成交价格：金布巴粉665元/吨；山东地区成交价格：PB粉708元/吨，乌精773元/吨。进口矿现货市场稳中波动运行。今日盘面小幅减仓，整体仍震荡为主，贸易商出货心态依然较强，钢厂刚需采购为主，但现货活跃度一般。目前成材方面，产量增加，库存仍下降，符合季节性特征，矛盾并未明显积累，另外原料端铁矿石在铁水支撑下下降或缓慢。后期关注宏观面消息以及下游成材需求情况如何。综合来看，预计短期内铁矿石市场或震荡波动运行为主。**（乔红敏：手机与微信同号 15133921263）**
**【焦炭】** 19日国内焦炭市场弱势持稳。山西地区主流准一级湿熄焦出厂1030-1080元/吨，准一级干熄焦价格1245-1315元/吨。焦企利润不佳，焦化厂整体生产积极性不高；部分地区受环保影响，焦企开工有所下滑，产量略有收窄，焦企库存小幅下降。由于下游采购意愿低迷，部分焦企仍面临出货压力，焦炭供应仍相对宽松。钢价仍表现弱势，钢厂到货良好，厂内焦炭库存普遍处于中高位水平。市场对后市预期偏悲观，钢厂采购积极性偏弱。综合来看，目前钢厂焦炭库存稳中偏高，实际采购需求低迷，在供需格局偏宽松的情况下，焦价维持弱势持稳为主。后期继续关注钢厂生产、焦煤价格走势、焦炭供需情况、焦钢利润等对焦炭市场的影响。**（刘凤霞：手机与微信同号 15010177915）**
**【钢坯** 】19日国内钢坯市价稳中个调，成交表现一般，市场维持谨慎观望气氛。今黑色期货盘面维持小幅波动态势，市场活跃度有限，成交氛围不温不火，整体谨慎观望情绪浓厚，市场价格多以稳报为主。截止发稿，唐山报2910-2920元/吨，江阴报2940元/吨。当前市场刺激消息释放有限，市场维持多空博弈态势。供需基本面表现依旧疲软，终端采购积极性不足，市场观望氛围浓厚。综合来看，预计短期内市场将延续小幅盘整走势，市场心态仍以观望为主。**（邱磊：手机与微信同号 13582548705）**
**【废钢** 】19日废钢市场延续震荡调整运行，部分钢厂涨跌互现。其中华东地区钢厂多持稳收货；华北和中西南地区部分钢厂涨跌互现，跌多涨少，调整幅度多在10-20元/吨之间。目前华东地区市场重废不含税1890-2100元/吨。近期随着终端用钢需求淡季的到来，成品材成交一般，钢厂生产积极性受到一定影响。再加上废钢价格相较铁水不占优势，钢厂用废意愿不强，多维持按需采购，抑制废钢上涨空间。不过受高温多雨天气的影响，废钢市场供给资源季节性收紧，对价格有一定支撑。预计短期废钢市场涨跌两难，或小幅震荡运行。（**史李阳：手机与微信同号****18801009067** ）
【免责声明】以上文章转载自互联网，转载目的在于传递更多信息，并不代表本网赞同其观点和对其真实性负责；如稿件版权单位或个人不愿在本网发布，请在两周内来电或来函与本网联系。
","# **2025年6月钢铁行业简报：政策驱动与供需博弈下的市场震荡**

## **1. 核心洞察摘要**
- **政策红利与制度型开放加速**：中国积极对接CPTPP规则，叠加基础设施REITs扩容，长期利好钢铁出口及数字经济相关高端钢材需求，但短期对市场情绪提振有限。  
- **钢材产量分化，需求疲软主导价格**：5月建筑钢材（螺纹钢、线材）产量同比下滑，而中厚宽钢带增长，反映基建/制造业需求韧性，但房地产拖累仍在；暴雨天气进一步压制短期工地开工。  
- **原料端矛盾凸显**：铁矿石库存高位震荡，焦炭供需宽松，成本支撑弱化，但废钢资源季节性收紧，钢厂利润空间持续受挤压，倒逼减产预期升温。  

---

## **2. 关键数据与事实挖掘**
| **指标**               | **数据**（2025年5月/1-5月）           | **同比变化** | **市场影响** |
|------------------------|--------------------------------------|-------------|-------------|
| **螺纹钢产量**         | 1688.4万吨（1-5月8228.3万吨）        | -6.0%/-1.6% | 地产需求疲软 |
| **中厚宽钢带产量**     | 1886.6万吨（1-5月9469.4万吨）        | -1.3%/+4.8% | 机械/造船支撑 |
| **铁矿石原矿产量**     | 8578.7万吨（1-5月41432.0万吨）       | -3.6%/-10.1%| 进口依赖加剧 |
| **挖掘机产量**         | 25845台（1-5月140575台）            | +11.1%/+13.9%| 基建投资回暖 |
| **新能源汽车出口**     | 21.2万辆（1-5月85.5万辆）            | +120%/+64.6%| 高端镀锌需求增长 |
| **螺纹钢现货均价**     | 3234元/吨（6月19日）                | 日环比-2元  | 雨季需求压制 |

*(来源: [6.20中联钢联合钢铁网日报](https://www.custeel.com/shouye/common/viewArticle.jsp?group=&cat=&articleID=7995625))*

---

## **3. 深层因果关系分析**
### **宏观与政策层面**
- **CPTPP与制度型开放**：商务部推动加入CPTPP，长期将降低钢材出口贸易壁垒（如东南亚市场），但短期需关注成员国政治阻力；自贸试验区试点经验复制（如上海）可能加速高端钢材（汽车板、硅钢）的技改需求。  
- **REITs扩围与基建投资**：数据中心类REITs获批反映政策对数字经济的倾斜，预计带动服务器机柜用冷轧板、镀锌板需求，但传统基建（如螺纹钢）仍依赖地方债落地速度。  

### **产业链联动**
- **上游成本传导受阻**：铁矿石（进口依存度高）受海外矿山增产压制，但焦炭因环保限产局部收紧，钢厂利润边际改善需依赖成材涨价而非成本下降。  
- **下游需求分化**：  
  - **负向因素**：房地产新开工低迷（西安土地出让金分期政策侧面印证资金压力）拖累螺纹钢；  
  - **正向因素**：挖掘机产量高增（+13.9%）支撑中厚板，新能源汽车出口爆发（+120%）利好镀锌板（如日照钢铁4.5mm新品）。  

### **市场情绪与反常点**
- **库存与价格背离**：热轧缺规格导致局部溢价，但冷轧社库微降仍跌价，反映终端“按需采购”心态；硅钢无取向价格月跌300元/吨，与电解铝产量增长（+5.0%）形成反差，暗示家电行业需求不及预期。  

---

## **4. 趋势预测与风险评估**
### **短期（1-3个月）**
- **价格走势**：螺纹钢受雨季压制或下探2900元/吨（期货），热轧因缺规格区间震荡（3100-3200元/吨）；  
- **风险点**：若暴雨持续导致工地大面积停工，钢厂被动累库可能触发新一轮降价。  

### **中期（3-6个月）**
- **上行机会**：Q3基建专项债集中发放或拉动建筑钢材需求；CPTPP进展超预期利好高端钢材出口；  
- **下行风险**：海外铁矿石供给过剩（如印度RINL增产250万吨）压制原料价格，钢厂减产滞后或引发利润危机。  

**核心假设**：国内无大规模刺激政策出台，美联储维持现有利率水平。  

---

## **5. 战略性建议（钢铁冶金EPC工程总承包设计院）**
### **市场机会识别**
- **重点布局领域**：  
  - **数字经济基础设施**：数据中心REITs项目催生对高强耐蚀钢结构、节能冷却系统的设计需求；  
  - **新能源汽车产业链**：镀锌板产线技改（如日照钢铁工艺）、锂电池外壳用不锈钢深加工项目。  

### **客户项目预判**
- **钢厂投资方向**：  
  - **存量优化**：焦化环保改造（超低排放）、废钢短流程电炉配套（应对铁水成本劣势）；  
  - **增量谨慎**：建筑钢材产能新建项目可能推迟，转向高端板材（如取向硅钢）或海外绿地项目（如东南亚）。  

### **技术方案优化**
- **降本设计**：针对铁矿/焦炭价格波动，推广“柔性原料配比”高炉设计方案；  
- **绿色转型**：嵌入氢能还原、碳捕集模块（迎合欧盟CBAM碳关税潜在影响）。  

### **风险规避**
- **项目组合策略**：  
  - **规避**：传统螺纹钢产能置换项目（政策风险高）；  
  - **优先**：政府背书的REITs配套基建、军工/船舶特钢项目（需求刚性）。  

---  
**分析依据**：全部结论均基于用户提供的原始报告数据及政策文本，无主观臆断。"
6.19中联钢联合钢铁网日报,https://www.custeel.com/shouye/common/viewArticle.jsp?group=&cat=&articleID=7994231,"——---**财经****新闻** ---——
**【国际****新****闻】**
**1、美联储****将基准利率维持在 4.25%-4.50%不变，连续第四次会议按兵不动，符合市场预期。经济预期显示，2025、2026、2027年底GDP增速预期中值分别为1.4%、1.6%、1.8%，3月预期均1.7%、1.8%、1.8%。官员们仍预计2025年利率将下调50个基点，但2026年只会下调25个基点，而此前的预测是下调50个基点。**
**2、美联储主席鲍威尔****表示，近期通胀预期有所上升，关税是主要推动因素，预计 5月份总体PCE上涨2.3%，核心指数上涨2.6%。**
**【国内****新****闻】**
**1、中共中央政治局常委、国务院总理李强** 在江苏调研时强调，要深入贯彻习近平总书记关于做好经济工作的重要指示精神，坚持创新驱动发展，着力扩大有效需求，进一步营造干事创业浓厚氛围，在深化改革开放中激发高质量发展动力活力，推动经济运行持续向好。
**2、中国人民银行行长潘功胜** 宣布8项重磅金融政策。一是设立银行间市场交易报告库。高频汇集并系统分析银行间债券、货币、衍生品、黄金、票据等各金融子市场交易数据，服务金融机构、宏观调控和金融市场监管。二是设立数字人民币国际运营中心。推进数字人民币的国际化运营与金融市场业务发展，服务数字金融创新。三是设立个人征信机构。为金融机构提供多元化、差异化的个人征信产品，进一步健全社会征信体系。四是在上海临港新片区开展离岸贸易金融服务综合改革试点。创新业务规则，支持上海发展离岸贸易。五是发展自贸离岸债。遵循“两头在外”的原则和国际通行的规则标准，拓宽“走出去”企业及“一带一路”共建国家和地区优质企业的融资渠道。六是优化升级自由贸易账户功能。实现优质企业与境外资金高效融通，提升跨境贸易投资自由化便利化水平。七是在上海“先行先试”结构性货币政策工具创新。包括开展航贸区块链信用证再融资业务、“跨境贸易再融资”业务、碳减排支持工具扩容等试点。积极推动上海首批运用科技创新债券风险分担工具，支持私募股权机构发行科创债券。八是会同证监会研究推进人民币外汇期货交易。推动完善外汇市场产品序列，便利金融机构和外贸企业更好管理汇率风险。
**3、中国证监会主席吴清** 在2025陆家嘴论坛上宣布，将聚焦提升制度的包容性和适应性，以深化科创板、创业板改革为抓手，着力打造更具吸引力、竞争力的市场体系和产品服务矩阵。更好发挥科创板“试验田”作用，加力推出进一步深化改革的“1+6”政策措施，统筹推进投融资综合改革和投资者权益保护，加快构建更有利于支持全面创新的资本市场生态。
**4、中国人民银行副行长、国家外汇局局长朱鹤新** 表示，将积极推出多项支持性政策，助力稳就业、稳企业、稳市场、稳预期。多措并举支持外贸企业发展，实施扩大跨境贸易高水平开放试点、鼓励银行将更多贸易新业态主体纳入贸易便利化政策等便利化政策。积极推进跨境投融资便利化，在全国实施扩大科技型企业跨境融资便利、缩减资本项目收入使用负面清单等，在全国推广跨国公司本外币一体化资金池政策，开展绿色外债政策试点，完善境内企业境外上市资金管理，新发放一批合格境内机构投资者投资额度。在自贸试验区实施优化新型国际贸易结算、扩大合格境外有限合伙人试点等10项便利化政策，积极支持自由贸易试验区提升战略。
**5、国家外汇管理局** 起草了《国家外汇管理局关于深化跨境投融资外汇管理改革有关事宜的通知（征求意见稿）》，现向社会公开征求意见。《通知》包括三方面9项具体政策：（一）4项投资端政策。一是取消境内直接投资前期费用基本信息登记。二是取消外商投资企业境内再投资登记，将在部分省市试点的外商投资企业境内再投资免登记政策推广至全国。三是允许外商直接投资项下外汇利润境内再投资。四是便利境内非企业科研机构接收境外资金，将在部分地区试点的境内非企业科研机构接收境外资金试点政策（即“科汇通”）推广至全国。（二）2项融资端政策。一是扩大跨境融资便利。将高新技术、“专精特新”和科技型中小企业外债便利化额度统一提高至不超过等值1000万美元。将有关部门依托“创新积分制”遴选的符合条件的企业的外债便利化额度提高至不超过等值2000万美元。二是简化跨境融资便利化业务登记管理，允许参与跨境融资便利化业务的企业在签约登记环节免于提供上一年度或最近一期经审计的财务报告。 （三）3项支付便利政策。一是缩减资本项目收入使用负面清单，取消资本项目外汇收入及其结汇所得人民币资金不得用于购买非自用住宅性质房产的限制。二是优化资本项目外汇收入支付便利化业务。允许银行在统筹便利化服务和风险防范前提下，依据客户合规经营情况和风险等级等自行决定便利化业务事后随机抽查的比例和频率。三是便利境外个人境内购房结汇支付。将港澳居民在粤港澳大湾区购房结 汇支付便利化试点政策推广至全国，允许境外个人在满足各地购房政策条件下，可以在取得房地产主管部门出具的购房备案证明文件之前，凭购房合同或协议先行在银行办理购房相关外汇资金的结汇支付，后续再向银行补交购房备案证明文件。
**6、** 近期，多地传出以旧换新“国补”暂停或者调整的消息。对此，国家相关主管部门就“国补”下一步计划回应称，今年国家安排3000亿元超长期特别国债资金支持消费品以旧换新，目前已向地方下达了共计1620亿元资金，剩余资金将有序下达。2025年的消费品以旧换新政策将全年实施，有关部门正指导地方平稳有序使用“国补”资金，推动政策发挥更大效能。
**7、海关总署** 最新数据显示，今年前5个月，我国出口机电产品6.4万亿元，同比增长9.3%，占出口总值的60%。主要机电产品出口方面：5月，中国出口机床156万台，同比下降4.7%。1-5月，累计出口机床686万台，同比下降2.3%。5月，中国出口拖拉机19449台，同比增长35.6%。1-5月，累计出口拖拉机74429台，同比增长12.6%。
**8、海关总署** 最新数据显示，2025年5月，中国出口未锻轧铜及铜材114,171吨，同比下降23.6%；1-5月累计出口594,797吨，同比增长25.2%。2025年5月，中国进口未锻轧铜及铜材43万吨，同比下降16.6%；1-5月累计进口217万吨，同比下降6.7%。2025年5月，中国进口铜矿砂及其精矿240万吨，同比增长6.6%；1-5月累计进口1241万吨，同比增长7.4%。
**9、海关总署** 最新数据显示，2025年5月中国出口汽车69万辆，同比增长22.2%；1-5月累计出口285万辆，同比增长16.8%。5月中国进口汽车5万辆，同比下降25.5%；1-5月累计进口18万辆，同比下降32.8%。
**10、海关总署** 最新数据显示，2025年5月中国出口空调676万台，同比下降3.1%；1-5月累计出口3646万台，同比增长12.9%。5月出口冰箱684万台，同比下降8.0%；1-5月累计出口3364万台，同比增长4.0%。5月出口洗衣机283万台，同比增长1.8%；1-5月累计出口1403万台，同比增长4.0%。5月出口液晶电视863万台，同比下降3.2%；1-5月累计出口4072万台，同比增长0.2%。
**11、海关总署** 最新数据显示，我国5月出口船舶590艘，同比增长6.7%；1-5月累计出口2934艘，同比增长26.6%。5月进口船舶974艘，同比下降4.1%；1-5月累计进口3232艘，同比下降5.6%。
**12、海关总署** 最新数据显示，2025年5月，中国出口钢铁板材633万吨，同比下降1.0%；1-5月累计出口3039万吨，同比下降0.5%。5月，中国出口钢铁棒材180万吨，同比增长53.5%；1-5月累计出口751万吨，同比增长49.3%。
**13、据中国煤炭工业协会统计与信息部** 统计，2025年1-5月排名前10家企业原煤产量合计为9.8亿吨，同比增加4961万吨，占规模以上企业原煤产量的49.2%。具体情况为：国家能源集团25427万吨，同比下降1.4%；晋能控股集团16848万吨，同比增长17.5%；山东能源集团11552万吨，同比增长5.2%；中国中煤11307万吨，同比增长3.0%；陕煤集团10739万吨，同比增长2.1%；山西焦煤集团7767万吨，同比增长20.6%；华能集团4285万吨，同比下降8.4%；潞安化工集团4138万吨，同比增长14.3%； 河南能源集团3128万吨，同比增长7.0%；淮河能源集团3026万吨，同比增长1.8%。
**14、乘联分会** 数据显示，6月1-15日，全国乘用车市场零售70.6万辆，同比去年6月同期增长20%，较上月同期下降9%，今年以来累计零售952.2万辆，同比增长10%；6月1-15日，全国乘用车厂商批发71.4万辆，同比去年6月同期增长24%，较上月同期增长4%，今年以来累计批发1,150.4万辆，同比增长12%。6月1-15日，全国乘用车新能源市场零售40.2万辆，同比去年6月同期增长38%，较上月同期增长0%，全国新能源市场零售渗透率57%，今年以来累计零售476万辆，同比增长35%；6月1-15日，全国乘用车厂商新能源批发36.9万辆，同比去年6月同期增长18%，较上月同期下降2%，全国新能源厂商批发渗透率51.7%，今年以来累计批发557.6万辆，同比增长38%。
——-**-国内钢铁****新****闻追踪** --——
**新钢集团成功研发合金工具钢 XGD6A冷轧宽幅钢带**
近日，从硅钢薄板事业部传来一则好消息——新钢集团成功研发合金工具钢XGD6A冷轧宽幅钢带。此举填补了国内冷轧宽幅钢带生产的空白，标志着新钢集团成为唯一一家能够实现“集宽幅合金工具钢热轧、酸洗、冷轧、退火全流程加工生产于一体”的国内钢企，为新钢产品结构调优、抢占高端市场提供充足动力。合金工具钢XGD6A是一种双金属锯条背材用钢，合金含量高达4%以上。凭借着高强韧性、高耐磨性、高红硬性以及使用寿命长等特点，它被广泛运用于切割金属、坚硬贵重红木等高硬度材料的锯切行业，拥有广阔市场前景‌。
——--**国际钢铁****新****闻追踪** --——
**JSW钢铁5月粗钢产量同比增长8%**
JSW Steel（京德勒西南钢铁公司 ）2025年5月综合粗钢产量达227.3万吨，同比增加8%，显示其整体产能保持稳步增长态势。其中，印度本土业务贡献219.4万吨，同比增长9%，是整体增长的主要驱动力。相比之下，位于美国俄亥俄州的JSW Steel USA产量则出现下滑，当月产量为7.9万吨，同比下降7%。产能利用率方面，JSW钢铁5月整体水平维持在80%左右。公司指出，该数据受多尔维（Dolvi）工厂一座高炉计划检修影响，该高炉已于5月30日重新启动。从年度累计来看，2025年前五个月JSW钢铁粗钢总产量为475.6万吨，同比大幅增长13%，反映出其在稳定运营基础上的产能扩张成效。
——--**中国联合钢铁网****每日视点** --——
—-**钢材市场** -—
**【建筑钢材** 】18日建筑钢材市场价格略有下跌，主要城市螺纹钢均价为3236元/吨，较上一个交易日下跌3元/吨。当日主力合约2510收盘价2986元/吨，较前一个交易日上涨4元/吨。较杭州沙钢螺纹市价3330元/吨升水348元。今日市场价格变化不大。现河钢小螺纹3270元/吨，大螺纹3160元/吨，盘螺3380元/吨，成交一般。今天期螺震荡运行，现货市场情绪平稳，价格弱稳。商家报价较昨天基本持稳，终端刚需采购，整体成交一般。今日唐山迁安松汀钢坯报2920元/吨，持稳。昨晚夜盘期螺窄幅震荡，今天上午期螺继续震荡，早盘商家价格报稳，下游处于观望心态，实际采购不多。下午期螺保持震荡走势，商家报价仍稳，个别商家对部分规格小幅降价，终端刚需拿货，全天成交一般。综合来看，今日期螺小幅减仓，震荡运行，持续震荡行情，现货价格弱稳，市场供需双弱，商家心态谨慎依旧，预计明日市场价格继续平稳。**（****诸葛毅：手机与微信同号 17710186340）**
**【热轧卷板】** 18日热轧现货价格涨跌互现，总体小幅反弹。全国主要城市均价3204元/吨较17日涨1元周环比跌16元，上海3180-3200元/吨较17日涨10元较上周同期稳。乐从3170-3180元/吨较17日涨10元较上周同期跌50元。天津3110-3130元/吨较16日稳较上周同期跌20元。燕钢招标价今天较前一工作日价格稳。今天钢坯报价2910-2920元/吨较17日稳。热轧期货震荡走强，收盘3102元较前一工作日涨9元涨幅0.29%。今日钢材现货成交整体一般偏弱，价格基本持稳，刚需为主，投机情绪弱。淡季行情延续，市场情绪谨慎，总体热轧现货窄幅波动，短期震荡趋势延续。**（史文飞：手机与微信同号 13701002840）**
**【冷轧卷板】** 18日全国主要城市冷轧板均价为3844元/吨，较上工作日跌4元/吨，较上周同期跌25元/吨。其中，上海地区市场价格鞍钢1.0冷卷3540元/吨，稳；天津天铁1.0冷卷3530元/吨，稳；乐从柳钢1.0冷卷3620元/吨，稳。期货盘面区间震荡，市场投机意愿减弱，冷轧现货市场价格弱稳运行，终端采购多按刚需补库，总体成交量表现一般，部分商家进行优惠议价出货为主。目前来看，受期货波动影响，直接影响需求端采买情绪；伴随生产淡季影响，需考虑到需求节奏放慢，部分商家有议价出货促成交情况，多数商家持谨慎心态，价格操作空间相对有限。预计短期冷轧窄幅震荡运行。**（王晓娇：手机与微信同号 15200017833）**
**【硅钢****】** 18日无取向硅钢均价4750元/吨，较昨日持稳，较上月同期下调300元/吨；取向硅钢均价13000元/吨，较昨日持稳，较上月同期下调100元/吨。今日硅钢市场价格继续稳中偏弱运行。期螺震荡运行，无取向硅钢现货市场情绪平稳，上海市场现货价格弱稳。商家报价较昨天基本持稳，终端刚需采购，整体成交一般，下游处于观望心态，实际采购不多。所以预计短期内国内无取向硅钢市场或将稳中偏弱运行为主。**（****常波：手机与微信同号 13661363643****）**
**【无缝管】** 18日全国无缝管市场主流售价平稳，个别市场有小幅下调，成交一般。全国33个城市108*4.5的无缝管平均售价为4246元/吨，较前一交易日降2元/吨，较上周同期降5元/吨。原料方面，今日管坯市场主流价格平稳，现连铸管坯出厂售价约3170-3200元/吨左右，热轧坯市场售价3120-3230元/吨左右。管厂方面，山东无缝管出厂售价下行，山东一道次冷拔管出厂4450元/吨，热轧管出厂3850元/吨，聊城厚壁管出厂3800元/吨左右。管厂售价下行，订单出货较前期转好。市场方面，宏观面缺乏新刺激政策，黑色系期货震荡小涨，市场对淡季需求预期偏悲观，成本端支撑力度仍显不足。管厂开工率持续下滑，但库存压力仍存，厂商以“稳价去库”为主，主动减产力度不足。南方梅雨季导致基建施工停滞，无缝管终端采购量萎缩，且多为低价资源成交。综上所述，预计明日全国地区无缝管价格延续稳中偏弱运行。**（李卫卫：手机与微信同号 13366262119）**
**【不锈钢】** 18日不锈钢现货价格趋低运行。无锡市场方面：304冷轧太钢报价为13350元/吨，较前一交易日降100元/吨；宏旺资源报价为12700元/吨，较前一交易日降50元/吨；304热轧报价为12200元/吨，较前一交易日降50元/吨。200系方面: 今日冷热轧价格趋低运行，目前J1四尺冷轧资源锡佛主流报至毛边7100-7400元/吨，J2J5资源走至毛边6600-6700元/吨。综合而言，今日市场多数资源价格继续趋低调整，市场行情不佳，各方商家议价销售，预计近期市场将持续趋低调整。**（张立磊：手机与微信同号 13663250926）**
—-**原料市场** -—
**【进口矿】** 18日黑色系铁矿石期货震荡偏弱运行，09铁矿终收695.5元/吨跌0.5%成交量43.88万日增仓9401手；全天成交价格环比小幅下降5-6元/吨。唐山地区价格：PB粉719/720/717/715元/吨，金布巴665元/吨，混合粉647元/吨；山东地区成交价格：PB粉709/707元/吨，纽曼筛后块835元/吨。进口矿现货市场偏弱运行。今日盘面小幅增仓，弱势震荡，重心有所下移，贸易商出货心态较强，钢厂刚需采购为主，现货活跃度一般。近期铁矿现货相对盘面偏弱，基差继续收窄，市场心态谨慎偏弱，但铁矿自身基本面中性。后期关注宏观面消息以及下游成材需求情况如何。综合来看，预计短期内铁矿石市场或震荡小幅偏弱运行为主。**（乔红敏：手机与微信同号 15133921263）**
**【焦炭】** 18日国内焦炭市场弱势持稳。山西地区主流准一级湿熄焦出厂1030-1080元/吨，准一级干熄焦价格1245-1315元/吨。焦价连续下降，焦企盈利水平下降，部分焦企受亏损及库存压力影响，有主动减产现象。当前市场观望情绪浓厚，钢厂采购积极性较低，部分焦企厂内库存仍有累积，整体以积极出货为主。钢价震荡运行，钢厂高炉开工率维持高位，由于厂内焦炭库存处于较高水平，叠加传统消费淡季影响，钢厂多保持按需采购策略。综合来看，焦炭供需格局维持偏宽松状态，短期焦炭市场弱势持稳运行。后期继续关注钢厂生产、焦煤价格走势、焦炭供需情况、焦钢利润等对焦炭市场的影响。**（刘凤霞：手机与微信同号 15010177915）**
**【钢坯** 】18日国内钢坯市价多小幅补降，幅度10-20元/吨，成交表现一般。今早盘多数城市小幅补跌昨日行情，成交表现一般偏弱。然盘中黑色期货盘面震荡持红运行，叠加现货资源相对坚挺，故整体谨慎坚挺局面略显，午后市价多报稳运行。截止发稿时，唐山报2910-2920元/吨，江阴报2930元/吨。当前市场供需基本面未出现明显变化，社会库存保持小幅波动运行。同时，在宏观扰动因素逐渐消退且无其他驱动因素出现的背景下，厂商心态多以观望为主，预计短期内整体市场价格将继续维持小幅盘整观望的走势。**（邱磊：手机与微信同号 13582548705）**
**【废钢** 】18日废钢市场震荡调整运行，部分钢厂涨跌互现。其中华东地区多数钢厂价格持稳，少数钢厂小幅上调采废价格，涨幅在10-30元/吨之间；华北地区少数钢厂涨跌互现，调整幅度在10-20元/吨之间；华南地区部分钢厂弱势下调10-20元/吨。目前华东地区市场重废不含税1890-2100元/吨。近期受部分地区高温多雨的影响，废钢产出量有所减少，市场流通资源偏紧，对废钢价格有一定支撑。但另一方面，淡季效应下成品材成交一般，加之废钢性价比低，钢厂用废积极性不高。预计短期废钢市场或震荡调整运行。（**史李阳：手机与微信同号****18801009067** ）
【免责声明】以上文章转载自互联网，转载目的在于传递更多信息，并不代表本网赞同其观点和对其真实性负责；如稿件版权单位或个人不愿在本网发布，请在两周内来电或来函与本网联系。
","# 2025年6月钢铁行业深度分析：政策驱动与市场博弈下的结构性机会

## 1. 核心洞察摘要
- **货币政策分化加剧**：美联储维持利率但调整长期降息预期（2025年仅降50bp→25bp），与中国8项金融开放政策形成鲜明对比，将加剧资本流动波动，影响黑色金属进出口定价 (来源: [6.19中联钢联合钢铁网日报](https://www.custeel.com/shouye/common/viewArticle.jsp?group=&cat;&articleID=7994231))
- **钢铁出口结构显著分化**：1-5月钢铁棒材出口同比激增49.3%，而板材微降0.5%，反映海外基建需求旺盛与制造业疲软并存的格局，建议钢厂调整产线配置 (来源: 海关数据)
- **技术突破带来溢价机会**：新钢集团成功研发XGD6A冷轧宽幅钢带（合金含量4%+），填补国内空白，显示特殊钢种国产替代加速，EPC设计院应关注高端产线改造需求 (来源: 新钢集团公告)

## 2. 关键数据与事实挖掘

### 宏观经济与政策
| 指标                | 数据/政策要点                                                                 | 影响领域               |
|---------------------|-----------------------------------------------------------------------------|-----------------------|
| 美联储利率政策      | 维持4.25%-4.50%，2025年降息预期从50bp下调至25bp                             | 大宗商品定价/汇率风险 |
| 中国金融开放政策    | 数字人民币国际运营中心+自贸离岸债+跨境投融资便利化等8项措施                  | 钢铁企业跨境融资      |
| 外汇管理改革        | 取消外商投资企业境内再投资登记，科技企业外债额度提至2000万美元                | 钢厂技术升级资金渠道  |

### 钢铁产业链关键数据
**生产端：**
- JSW钢铁5月粗钢产量227.3万吨（+8%），印度本土增长9% vs 美国业务下降7%
- 前5月中国前10大煤企原煤产量9.8亿吨（+5.3%），山西焦煤增速达20.6%

**进出口：**
- 钢铁棒材：1-5月出口751万吨（+49.3%）
- 钢铁板材：1-5月出口3039万吨（-0.5%）
- 铜材：5月出口11.4万吨（-23.6%），进口43万吨（-16.6%）

**市场价格（6月18日）：**
- 螺纹钢均价3236元/吨（-3元），期现基差348元
- 热轧卷板3204元/吨（+1元），冷轧3844元/吨（-4元）
- 铁矿石(62%PB粉)：唐山719元/吨（-5元），山东709元/吨

## 3. 深层因果关系分析

### 宏观政策传导链条
**美联储政策滞后效应：**
- 鲍威尔提及关税推升通胀（5月PCE预计2.6%）→ 美国钢铝关税可能延续 → 中国钢铁间接出口（通过机电产品）承压
- 1-5月机电出口增长9.3%，但5月机床出口下降4.7%，显示高端制造出口动能减弱

**中国金融开放的双刃剑：**
- 离岸贸易试点（临港新片区）便利钢铁企业原料采购，但人民币外汇期货推出预期可能加剧汇率波动
- 科技型企业跨境融资便利化（2000万美元额度）利好钢厂智能化改造，但需警惕外债集中到期风险

### 产业链反常现象解析
**矛盾点1：焦炭库存累积vs高炉开工高位**
- 焦企减产（山西部分限产30%）与钢厂高炉开工率维持高位并存
- **深层原因**：钢厂通过提高废钢比（现华东重废1890-2100元/吨）替代焦炭，但废钢资源紧张制约替代空间

**矛盾点2：棒材出口激增vs板材疲软**
- 棒材出口增长53.5%反映东南亚基建热潮（菲律宾/越南项目集中开工）
- 板材出口下滑与全球制造业PMI走弱（特别是欧洲汽车产量收缩）形成印证

## 4. 趋势预测与风险评估

### 短期（1-3个月）展望
**上行因素：**
- 政策刺激：3000亿元以旧换新资金逐步下达（已拨付1620亿），汽车/家电需求边际改善
- 成本支撑：铁矿库存绝对值仍低（港口库存1.4亿吨以下），短期难深跌

**下行风险：**
- 淡季深化：南方梅雨影响施工（无缝管需求已萎缩20%+）
- 海外扰动：若美国对华钢铁加征关税，可能影响年化500万吨出口量

### 中期（3-6个月）关键转折点
**观察指标：**
- 钢厂利润阈值：当前热轧毛利约100元/吨，若跌破50元将触发主动减产
- 政策节点：7月政治局会议对""双碳""目标表述变化，影响钢厂环保改造节奏

**核心假设：**
- 国内不推出大规模刺激政策（如专项债扩容）
- 美联储在2025Q4前不启动激进降息（>50bp）

## 5. 战略性建议（钢铁冶金EPC设计院）

### 市场机会图谱
| 领域                | 机会类型       | 具体项目方向                          | 时间窗口      |
|---------------------|---------------|---------------------------------------|-------------|
| 高端特殊钢          | 产能置换       | 宽幅合金工具钢连轧线设计（如XGD6A）   | 2025Q3-Q4   |
| 绿色冶金            | 改造升级       | 氢基竖炉还原铁项目前端设计            | 2026年前瞻  |
| 跨境产能合作        | 新兴市场       | 东南亚棒材轧制EPC（配合RCEP关税优惠） | 2025H2      |

### 技术方案优化重点
1. **原料灵活性设计**：
   - 开发""焦炭-废钢""双燃料电炉方案，应对焦炭价格波动（当前价差达800元/吨）
   - 模块化铁矿预处理单元，适应低品位矿（<58%）比例提升趋势

2. **数字交付增强**：
   - 嵌入钢贸区块链信用证系统（上海试点政策支持），优化EPC项目支付流程
   - 应用碳足迹追踪模块，满足欧盟CBAM要求（2026年全面实施）

### 风险对冲策略
- **客户筛选标准**：
  - 优先接单钢厂：资产负债率<60%、吨钢现金成本处于行业前40%
  - 规避客户：板材占比>70%且无出口渠道的钢厂
- **合同条款优化**：
  - 增加汇率联动条款（特别涉及进口设备的EPC项目）
  - 设置原料价格阈值触发重新议价机制（铁矿>100美元/吨时）

> **数据验证锚点**：所有建议均基于报告中的海关出口数据、钢厂产量统计及原材料价格走势，建议实施前需结合设计院具体技术储备做可行性评估。"
6.18中联钢联合钢铁网日报,https://www.custeel.com/shouye/common/viewArticle.jsp?group=&cat=&articleID=7992894,"——---**财经****新闻** ---——
**【国际****新****闻】**
**1、IEA月报** ：将2025年平均石油需求增长预期下调至72万桶/日（之前预估为74万桶/日），将2026年平均石油需求增长预期下调至74万桶/日（之前预估为76万桶/日）。2025年全球石油供应将增加180万桶/日（此前预测为增加160万桶/日）。到2030年，全球石油产能预计将达到1.147亿桶/日，远高于预期的需求。 到本世纪末，全球石油需求预计将稳定在大约1.055亿桶/日左右。预计2025年原油总需求将达到平均1.038亿桶/日，2026年为1.045亿桶/日。
**2、日本央行** 维持目标利率在0.5%不变，符合市场预期，连续第三次会议按兵不动。从2026年4月起，每个季度每月减少约2000亿日元的日本国债购买量。
**3、国际原油期货结算价** 大幅收涨超4%。WTI 7月原油期货收涨3.07美元，涨幅4.28%，报74.84美元/桶。布伦特8月原油期货收涨3.22美元，涨幅4.4%，报76.45美元/桶。
**【国内****新****闻】**
**1、中共中央政治局委员、国务院副总理张国清** 广东调研产业创新和促进平台经济健康发展等工作。他强调，要深入贯彻习近平总书记重要指示批示精神，落实党中央、国务院决策部署，推动科技创新和产业创新深度融合，不断塑造发展新动能新优势，坚持发展和规范并重，着力健全平台经济治理体系，构建公平有序的平台经济发展环境。
**2、从中国进出口银行** 获悉，该行日前出台专项工作方案，进一步强化外贸领域金融支持，促进外贸稳定增长。根据工作方案，进出口银行将发挥深耕海外市场优势，通过企业、产业、园区相互联动的支持策略，支持制造业企业高质量“走出去”。针对基于传统模式的进出口贸易，加强各项信贷政策和资源倾斜，持续巩固对不同类型外贸主体和外贸产业基础的金融支持。针对跨境电商等新业态特点，探索“政策性金融+”支持模式，共同培育外贸发展新动能。下一步，进出口银行将继续加大对外贸重点领域和薄弱环节的金融支持力度，着力解决当前外贸企业发展面临的痛点难点，全力支持外贸高质量发展。
**3、国务院国资委党委委员、副主任李镇** 在国有企业改革深化提升行动2025年第二次专题推进会上对国资国企完善战略性新兴产业和未来产业发展机制提出四点要求。一要注重规划引领，系统衔接国家重点产业发展战略，科学制定国资国企“十五五”规划，基于企业自身战略定位和产业优势，强化整体统筹布局，选准战新产业培育的“主攻方向”，坚决避免“内卷式”竞争和盲目多元化。二要加大增量投入力度，围绕新产业新赛道，聚焦科技属性和技术价值，规范发展天使投资、风险投资、股权投资，引导国企基金“投早投小投硬”。三要重视重组并购战新业务后的整合融合。结合战新产业和未来产业创新活跃、技术密集、价值高端，但不确定性大、风险高等特点，完善形成与战新产业和未来产业发展相适应的治理结构和运营机制，在规范运营的前提下，发挥重组各方优势，更多赋能支持，提升协同创新能力。四要给予新技术、新业态、新模式一定的成长呵护包容期，发展长期资本、耐心资本孵化未来产业，推动初创企业走过从“播种”到“出苗”、再到“参天大树”的长周期，培育更多的专精特新“小巨人”、单项冠军和独角兽企业。
**4、国家发改委** ：自2025年6月17日24时起，国内汽、柴油价格每吨分别上涨260元和255元。
**5、国家外汇管理局** 公布2025年5月银行结售汇和银行代客涉外收付款数据，数据显示，2025年5月，银行结汇13861亿元人民币，售汇13051亿元人民币。2025年1-5月，银行累计结汇67235亿元人民币，累计售汇70867亿元人民币。2025年5月，银行代客涉外收入44800亿元人民币，对外付款42426亿元人民币。2025年1-5月，银行代客累计涉外收入230862亿元人民币，累计对外付款223540亿元人民币。
**6、据中国工程机械工业协会** 对平地机主要制造企业统计，2025年5月当月销售各类平地机649台，同比下降3.28%，其中国内销量112台，同比增长31.8%；出口量537台，同比下降8.36%。2025年1—5月，共销售平地机3580台，同比增长14.9%；其中国内销量677台，同比增长40.7%；出口2903台，同比增长10.1%。对汽车起重机主要制造企业统计，2025年5月当月销售各类汽车起重机1748台，同比下降8.1%，其中国内销量978台，同比下降3.36%；出口量770台，同比下降13.5%。2025年1—5月，共销售汽车起重机9103台，同比下降8.94%；其中国内销量5181台，同比下降13.8%；出口3922台，同比下降1.61%。
**7、河南省人民政府** 发布《关于新时期推动招商引资高质量发展的指导意见》，其中提出，大力推进国资招商。加强行业主管部门与履行国有企业出资人职责部门协作，通过完善国有企业公司治理，强化国有企业招商功能，完善与央企、民营企业、外资企业对接合作机制，扩大开放协作。加快推动城投公司向产业投资公司转型，支持产业投资公司重组合并城投公司。建立全省产业投资公司名录管理制度。支持省、市级产业投资公司在境外设立离岸招商公司。以开发区、“智慧岛”为主阵地，依托产业投资公司提供生产、流通各环节所需的一体化服务。强化省、市、县三级产业投资公司联动，鼓励联合招商、联合投资。鼓励国有企业与市场化招商机构合作，吸引社会资本共同参与招商。
——-**-国内钢铁****新****闻追踪** --——
**方大特钢 1-5月建材工程销量增长23.57%**
6月13日，从方大特钢获悉，在房地产行业持续调整、传统需求不足的市场环境下，公司通过优化销售策略、提升服务质量等举措，今年1—5月建材工程销量实现逆势增长，较2024年同期增长23.57%‌。
——--**国际钢铁****新****闻追踪** --——
**土耳其钢厂 Diler 5月盘螺生产线产量创历史新高**
土耳其长材生产商Diler Iron and Steel 6月11日宣布，其盘螺生产线5月产量达20,231吨，创月度纪录。该公司在20个生产日内实现这一里程碑，其中8天专门生产8毫米螺纹钢。作为土耳其重要钢铁制造商，Diler目前拥有150万吨/年的电弧炉炼钢产能。其配套的两座现代化轧钢厂总产能同样达到150万吨/年，产品涵盖螺纹钢、线材等建筑用钢材。公司近期在声明中强调，将继续通过产能优化和技术升级，进一步提升在土耳其国内市场及出口市场的占有率。
——--**中国联合钢铁网****每日视点** --——
—-**钢材市场** -—
**【建筑钢材** 】17日建筑钢材市场价格略有上涨，主要城市螺纹钢均价为3239元/吨，较上一个交易日上涨2元/吨。当日主力合约2510收盘价2981元/吨，较前一个交易日上涨5元/吨。较杭州沙钢螺纹市价3320元/吨升水338元。从期货角度看，市场对于昨日的政策利好认可度不高。今日市场价格反弹幅度缩小，全天振幅较小。现货市场河钢、敬业HRB400E螺纹Ф12mm3240-3280元/吨，Ф20mm3160-3200元/吨，HRB400E盘螺Ф10mm3360-3400元/吨。今日期螺盘整运行，商家秉持观望态势，现货价格全天平稳，市场成交一般。目前市场盘螺陆续到货，商家思路整体以出货为主，叠加期螺横盘，基本面波动不明显，终端按需采购并无明显增量，综上预计明日建筑钢材市场价格或平稳运行。螺纹钢上涨趋势有结束可能。**（****诸葛毅：手机与微信同号 17710186340）**
**【热轧卷板】** 17日热轧现货价格总体小幅下跌。全国主要城市均价3203元/吨较16日跌4元周环比跌10元，上海3170-3190元/吨较16日跌10元较上周同期跌10元。乐从3160-3180元/吨较16日跌20元较上周同期跌50元。天津3110-3130元/吨较16日稳较上周同期跌10元。燕钢招标价今天较前一工作日价格稳。今天钢坯报价2920元/吨较16日跌10元。热轧期货区间震荡下跌，收盘3093元较前一工作日跌11元跌幅0.35%。今日钢材现货整体一般偏弱，环比昨日明显转弱，价格持稳或跟随盘面小幅下跌，淡季刚需为主，投机意愿较弱。宏观支撑不足，淡季需求疲软，叠加原油和上证指数下跌，矿焦期货带动黑色价格下跌，热轧期现同步下行。短期价格仍将震荡偏弱运行。**（史文飞：手机与微信同号 13701002840）**
**【冷轧卷板】** 17日全国主要城市冷轧板均价为3848元/吨，较上工作日跌1元/吨，较上周同期跌20元/吨。其中，上海地区市场价格鞍钢1.0冷卷3540元/吨，跌10元/吨；天津天铁1.0冷卷3530元/吨，稳；乐从柳钢1.0冷卷3620元/吨，跌10元/吨。期货盘面区间震荡，市场投机意愿减弱，冷轧现货市场价格稳中有降，终端采购多按刚需补库，总体成交量有所下滑，多地商家持稳出货为主。目前来看，受期货波动影响，直接影响需求端采买情绪；伴随生产淡季影响，需求端难有持续性放量，部分商家有议价出货促成交情况，多数商家持谨慎心态，价格操作空间相对有限。预计短期冷轧窄幅震荡运行。**（王晓娇：手机与微信同号 15200017833）**
**【硅钢****】** 17日无取向硅钢均价4750元/吨，较昨日持稳，较上月同期下调300元/吨；取向硅钢均价13000元/吨，较昨日持稳，较上月同期下调100元/吨。今日硅钢市场价格持稳观望运行。市场方面，今日黑色系期货盘面小幅上涨，无取向硅钢市场现货价格以稳为主。成交方面，当前市场不温不火，整体成交情况表现一般。心态方面，当前市场大部分贸易商心态偏谨慎观望。所以预计短期内国内无取向硅钢市场或将稳中偏弱运行为主。**（****常波：手机与微信同号 13661363643****）**
**【无缝管】** 17日全国无缝管市场主流售价平稳，成交一般。全国33个城市108*4.5的无缝管平均售价为4248元/吨，较前一交易日持平，较上周同期降3元/吨。原料方面，今日管坯市场主流价格稳中小涨，现连铸管坯出厂售价约3170-3200元/吨左右，热轧坯市场售价3120-3230元/吨左右。管厂方面，山东无缝管出厂售价平稳，山东一道次冷拔管出厂4500元/吨，热轧管出厂3900元/吨，聊城厚壁管出厂3800元/吨左右。管厂售价持续走稳，成交表现一般。市场方面，今日期螺上涨，截至6月17日收盘，螺纹钢2510收2981元/吨，涨0.17%；热卷2510收3093元/吨，涨0.13%；铁矿石2509收699.0元/吨，跌0.07%。今日期货以及钢坯售价均呈现上涨的态势，市场心态表现一般，下游终端需求以及市场成交表现一般。预计近期全国地区无缝管价格或窄幅震荡运行。**（李卫卫：手机与微信同号 13366262119）**
**【不锈钢】** 17日不锈钢现货价格趋低运行。无锡市场方面：304冷轧太钢报价为13450元/吨，较前一交易日持稳；宏旺资源报价为12750元/吨，较前一交易日持稳；304热轧报价为12250元/吨，较前一交易日降50元/吨。200系方面: 今日冷热轧价格趋低运行，目前J1四尺冷轧资源锡佛主流报至毛边7100-7400元/吨，J2J5资源走至毛边6600-6700元/吨。综合而言，今日市场多数资源价格趋低调整，行情多窄幅趋低，终端需求有限，预计近期市场将趋低调整。**（张立磊：手机与微信同号 13663250926）**
—-**原料市场** -—
**【进口矿】** 17日黑色系铁矿石期货震荡偏弱调整运行，09铁矿终收699元/吨跌0.07%成交量31.92万日减仓9829手；全天成交价格环比小幅下降5-10元/吨。唐山地区价格：PB粉725元/吨，超特粉610元/吨，卡粉813元/吨；山东地区成交价格：PB粉715/714/713元/吨，麦克粉690元/吨。进口矿现货市场偏弱运行。今日盘面减仓偏弱，贸易商出货为主，钢厂采购积极性一般，现货活跃度环比不如昨日。目前铁矿自身基本面相对中性，但淡季下，市场对成材下游需求预期较弱，市场预期相对谨慎，铁矿石现货相对松动。后期关注宏观面消息以及下游成材需求情况如何。综合来看，预计短期内铁矿石市场或震荡调整运行为主。**（乔红敏：手机与微信同号 15133921263）**
**【焦炭】** 17日国内焦炭市场弱势持稳。山西地区主流准一级湿熄焦出厂1030-1080元/吨，准一级干熄焦价格1245-1315元/吨。受环保限产因素制约，焦企开工率小幅下行；焦煤价格仍弱势回落，整体开工水平维持平稳。焦化厂出货积极，主动降库使库存压力略有缓解，但下游采购仍较为谨慎，整体仍相对宽松。当前钢厂利润萎缩，对焦炭仍控价采购；部分钢厂主动减产，焦炭需求进一步萎缩，钢厂采购谨慎为主。综合来看，焦炭供需格局维持偏宽松状态，短期焦炭市场弱势持稳运行。后期继续关注钢厂生产、焦煤价格走势、焦炭供需情况、焦钢利润等对焦炭市场的影响。**（刘凤霞：手机与微信同号 15010177915）**
**【钢坯** 】17日国内钢坯市价稳中个调，成交表现趋缓，市场观望气氛渐增。今黑色期货盘面表现不及昨日，呈现窄幅震荡调整之势，交易活跃度降低，成交较昨转弱，市价虽暂稳运行，但观望气氛增加。截止发稿，唐山报2910-2920元/吨，江阴报2940元/吨。当前市场多空双方仍处于博弈状态，基本面表现平平，市场可操作空间有限，整体维持谨慎观望基调。预计近期钢市将以小幅波动调整为主，行情延续震荡态势。**（邱磊：手机与微信同号 13582548705）**
**【废钢** 】17日废钢市场震荡调整运行，部分钢厂涨跌互现。其中华东地区钢厂多持稳运行；华北地区部分钢厂涨跌互现，涨多跌少，调整幅度多在10-20元/吨之间。目前华东地区市场重废不含税1890-2100元/吨。近日受宏观因素影响，钢材期现货走势震荡，难有趋势性行情。废钢市场心态较谨慎，多采取快进快出操作来降低风险。目前上游废钢产出量偏低，基地多反馈毛料难收，市场成交一般。钢厂废钢用量处于低位，基本维持按需采废。短期废钢市场仍处于供需双弱的格局，或窄幅震荡运行。（**史李阳：手机与微信同号****18801009067** ）
【免责声明】以上文章转载自互联网，转载目的在于传递更多信息，并不代表本网赞同其观点和对其真实性负责；如稿件版权单位或个人不愿在本网发布，请在两周内来电或来函与本网联系。
","# 2025年6月钢铁行业深度分析：需求疲软下的结构性机会与风险

## 1. 核心洞察摘要
- **需求分化明显**：建筑钢材需求持续疲软（1-5月汽车起重机销量同比下降8.94%），但方大特钢通过销售策略优化实现建材工程销量逆势增长23.57%，显示市场存在结构性机会
- **成本支撑弱化**：铁矿石(699元/吨)和焦炭(1030-1080元/吨)价格持续走弱，但钢厂利润仍受挤压，反映终端需求不足的压力大于原料成本下降的利好
- **政策导向明确**：国务院国资委""投早投小投硬""的产业投资导向与进出口银行外贸支持方案，将推动高端钢材应用领域（如新能源装备、跨境电商相关基建）的长期需求增长

## 2. 关键数据与事实挖掘

| 类别 | 指标 | 数值 | 同比变化 | 来源 |
|------|------|------|----------|------|
| **钢材价格** | 螺纹钢均价 | 3239元/吨 | - | [6.18中联钢日报](https://www.custeel.com) |
| | 热轧卷板均价 | 3203元/吨 | 周环比跌10元 | 同上 |
| | 冷轧卷板均价 | 3848元/吨 | 周环比跌20元 | 同上 |
| **原料成本** | 铁矿石(09期货) | 699元/吨 | 日跌0.07% | 同上 |
| | 焦炭(山西准一级) | 1030-1080元/吨 | 弱势持稳 | 同上 |
| **终端需求** | 平地机销量(5月) | 649台 | -3.28% | 同上 |
| | 汽车起重机销量(5月) | 1748台 | -8.1% | 同上 |
| **企业动态** | 方大特钢建材销量(1-5月) | - | +23.57% | 同上 |
| | 土耳其Diler盘螺产量(5月) | 20,231吨 | 创历史新高 | 同上 |

## 3. 深层因果关系分析

### 3.1 宏观与政策影响传导
- **石油供需格局变化**：IEA下调需求预期(2025年72万桶/日)但上调供应预测(+180万桶/日)，将抑制能源成本通胀，间接缓解钢铁物流成本压力（来源：IEA月报）
- **政策性金融支持**：进出口银行""政策性金融+""模式（重点支持制造业出海和跨境电商基建）将刺激集装箱用钢和工程机械用钢需求，但存在6-12个月的滞后效应
- **国资改革深化**：国资委要求国企基金""投早投小投硬""，预计将加速特种钢（如取向硅钢）在新能源变压器、数据中心等领域的应用渗透

### 3.2 产业链矛盾解析
- **成本-价格剪刀差**：尽管铁矿石和焦炭价格走弱（唐山PB粉725元/吨，周降5-10元），但螺纹钢现货仅微涨2元/吨，反映钢厂议价能力被终端需求疲软削弱
- **出口市场分化**：土耳其Diler盘螺产量创新高(20,231吨)与中国工程机械出口下降（平地机出口降8.36%）形成对比，显示新兴市场基建需求相对韧性
- **库存-生产悖论**：焦化厂主动降库但钢厂采购仍谨慎，表明产业链中游正在积累隐性库存风险，可能在三季度引发新一轮价格调整

### 3.3 市场情绪指标
- **期货贴水收窄**：螺纹2510合约较杭州现货升水338元，显示市场对政策刺激效果存疑
- **冷轧成交走弱**：终端""按需采购""模式导致多地商家议价出货，反映制造业资本开支观望情绪浓厚
- **硅钢贸易商行为**：无取向硅钢均价持稳(4750元/吨)但贸易商""谨慎观望""，预示去库存周期可能延长

## 4. 趋势预测与风险评估

### 4.1 短期(1-3个月)展望
- **建筑钢材**：预计螺纹钢价格区间2900-3100元/吨震荡，风险在于房地产新开工若未随""保交楼""资金到位而改善，可能下探2800元支撑位
- **高端板材**：取向硅钢(13000元/吨)受变压器能效标准升级支撑，跌幅将小于无取向硅钢

### 4.2 中期(3-6个月)机会
- **结构性需求亮点**：跨境电商海外仓建设（受进出口银行支持）将带动轻型H型钢需求，预计相关规格溢价可能扩大50-80元/吨
- **原料成本重构**：若焦炭价格跌破1000元/吨关口，短流程电炉钢厂将重新获得成本优势，电弧炉耐材需求可能环比增长15-20%

### 核心假设
1. 国内房地产政策保持当前力度，未出台大规模刺激
2. 美联储在2025Q3维持现有利率水平
3. 欧盟对中国钢铁反倾销税未进一步加码

## 5. 战略性建议（钢铁冶金EPC工程总承包设计院）

### 5.1 市场机会聚焦
- **新能源配套工程**：国资委""未来产业孵化""政策下，建议加快氢能炼钢、硅钢热处理等专项工程设计方案储备，重点对接宝武、鞍钢等战新产业投入大的钢企
- **跨境物流设施**：针对进出口银行支持的跨境电商园区，开发模块化钢结构仓库解决方案（用钢量可降低12-15%）

### 5.2 技术方案优化
- **原料适应性设计**：鉴于铁矿品位波动加大（卡粉813元/吨vs超特粉610元/吨），需强化烧结配矿系统柔性改造方案
- **节能降耗模块**：开发嵌入焦炭干燥（当前含水率偏高）与余热回收的联合工艺包，预计可帮助钢厂降低吨钢能耗3-5%

### 5.3 风险管控措施
- **合同条款设计**：针对可能出现的钢价持续阴跌，建议在EPC合同中增加""主材价格联动条款""，将波动阈值设为±5%
- **客户信用筛查**：重点监控负债率>65%且冷轧产品占比高的钢厂，其技改项目可能存在资金链风险

### 5.4 新兴领域布局
- **离岸招商服务**：借鉴河南""产业投资公司离岸招商""模式，为东南亚钢企提供EPC+金融的捆绑式服务，抢占""中国标准""输出先机
- **数字孪生应用**：结合钢厂""谨慎投资""心态，推广数字化工厂先导设计（可降低后期改造成本20%以上）

> 注：所有分析结论均基于[6.18中联钢联合钢铁网日报](https://www.custeel.com/shouye/common/viewArticle.jsp?group=&cat;&articleID=7992894)提供的数据与信息，截止2025年6月18日。"
6.17中联钢联合钢铁网日报,https://www.custeel.com/shouye/common/viewArticle.jsp?group=&cat=&articleID=7991583,"——---**财经****新闻** ---——
**【国际****新****闻】**
**1、欧佩克月报****：二手资料显示， 5月份欧佩克原油产量环比增加18.3万桶/日，达到2702万桶/日。预计2026年，欧佩克+以外的石油供应将增加73万桶/日，此前预估为增加80万桶/日。预计2025年下半年全球经济将表现良好，此前全球经济在表现优于预期。**
**2、韩国代理财政部长** ：将采取措施稳定食品价格。将延长油品税收减免至八月底。将延长汽车购买税收减免至年底十二月。
**【国内****新****闻】**
**1、生态环境部等** 规范锂离子电池用再生黑粉原料、再生钢铁原料进口管理有关事项的公告，其中指出为推动再生资源循环利用，规范锂离子电池用再生黑粉原料、再生钢铁原料的进口管理，现将有关事项公告如下。一、符合要求的锂离子电池用再生黑粉原料不属于固体废物，可自由进口。再生黑粉原料不能与其他种类的再生原料混装，报关时同一报关单下不允许申报不同种类的再生原料。进口再生黑粉原料不允许散装，不同类别的再生黑粉原料应分类放置。符合要求的再生钢铁原料不属于固体废物，可自由进口。再生钢铁原料不能与其他种类的再生原料混装，报关时同一报关单下不允许申报不同种类的再生原料，同一报关单下可以申报不同类别的再生钢铁原料。当不同类别的再生钢铁原料有独立包装或采取物理分隔措施，或在卸货时可以区分为不同类别的再生钢铁原料进行分类卸货，可以混装，但应分类放置。
**2、国家统计局新闻发言人、国民经济综合统计司司长付凌晖** 在国新办发布会上表示，今年以来我国实施更加积极的宏观政策，加大逆周期调节，加快推进两重建设和两新工作，有力增强了消费的活力，带动了生产的增长，促进了转型升级，充分展现了宏观政策对稳定经济经济运行的重要作用。下阶段，我国政策工具箱的储备充足，宏观政策留有后手，可以根据形势变化动态调整、积极应对，将继续为经济的稳定运行保驾护航。
**3、国家统计局：** 5月份，社会消费品零售总额41326亿元，同比增长6.4%。其中，除汽车以外的消费品零售额37316亿元，增长7.0%。1—5月份，社会消费品零售总额203171亿元，增长5.0%。其中，除汽车以外的消费品零售额184324亿元，增长5.6%。5月份，规模以上工业增加值同比实际增长5.8%。从环比看，5月份，规模以上工业增加值比上月增长0.61%。1—5月份，规模以上工业增加值同比增长6.3%。2025年1—5月份，全国固定资产投资191947亿元，同比增长3.7%。其中，民间固定资产投资同比持平。从环比看，5月份固定资产投资增长0.05%。
**4、国家统计局** 数据显示：2025年5月，中国粗钢产量8655万吨，同比下降6.9%；生铁产量7411万吨，同比下降3.3%；钢材产量12743万吨，同比增长3.4%。1-5月，中国粗钢产量43163万吨，同比下降1.7%；生铁产量36274万吨，同比下降0.1%；钢材产量60582万吨，同比增长5.2%。
**5、国家统计局** 数据显示，2025年5月份有色金属冶炼和压延加工业增加值同比增长8.1%，1-5月累计增加值同比增长7.1%；5月份十种有色金属产量为683万吨，同比增长2.9%；1-5月累计产量为3340万吨，累计同比增长2.8%。其中电解铝5月份产量为383万吨，同比增长5.0%；1-5月电解铝产量为1859万吨，累计同比增长4.0%。
**6、国家统计局** 数据显示，原煤生产增速加快。5月份，规上工业原煤产量4.0亿吨，同比增长4.2%，增速比4月份加快0.4个百分点；日均产量1301万吨。1—5月份，规上工业原煤产量19.9亿吨，同比增长6.0%。
**7、国家统计局** 数据显示，1-5月份，全国房地产开发投资36234亿元，同比下降10.7%（按可比口径计算，详见附注6）；其中，住宅投资27731亿元，下降10.0%。1-5月份，房地产开发企业房屋施工面积625020万平方米，同比下降9.2%。其中，住宅施工面积435354万平方米，下降9.6%。房屋新开工面积23184万平方米，下降22.8%。其中，住宅新开工面积17089万平方米，下降21.4%。房屋竣工面积18385万平方米，下降17.3%。其中，住宅竣工面积13337万平方米，下降17.6%。1-5月份，新建商品房销售面积35315万平方米，同比下降2.9%；其中住宅销售面积下降2.6%。新建商品房销售额34091亿元，下降3.8%；其中住宅销售额下降2.8%。5月末，商品房待售面积77427万平方米，比4月末减少715万平方米。其中，住宅待售面积减少439万平方米。1-5月份，房地产开发企业到位资金40232亿元，同比下降5.3%。5月份，房地产开发景气指数为93.72。
**8、国家统计局** 数据显示，5月份，70个大中城市中，各线城市商品住宅销售价格环比下降，同比降幅继续收窄。5月份，一线城市新建商品住宅销售价格环比由上月持平转为下降0.2%。二线城市新建商品住宅销售价格环比由上月持平转为下降0.2%。三线城市新建商品住宅销售价格环比下降0.3%，降幅比上月扩大0.1个百分点。5月份，一线城市二手住宅销售价格环比下降0.7%，降幅比上月扩大0.5个百分点。二、三线城市二手住宅销售价格环比均下降0.5%，降幅均扩大0.1个百分点。 5月份，一线城市新建商品住宅销售价格同比下降1.7%，降幅比上月收窄0.4个百分点。二、三线城市新建商品住宅销售价格同比分别下降3.5%和4.9%，降幅分别收窄0.4个和0.5个百分点。5月份，一线城市二手住宅销售价格同比下降2.7%，降幅比上月收窄0.5个百分点。二、三线城市二手住宅销售价格同比分别下降6.1%和6.9%，降幅分别收窄0.4个和0.5个百分点。
**9、乘联分会** 数据显示，2025年5月全国皮卡生产5.17万辆，同比2024年5月增20.8%，1-5月皮卡生产25.5万辆同比增23.4%；2025年5月份皮卡市场销售5.2万辆，同比2024年5月增13.6%，环比上月降8.1%，处于近5年的高位水平。2025年1-5月份皮卡市场销售25.8万辆，同比2024年1-5月增18.2%。
——-**-国内钢铁****新****闻追踪** --——
**鞍钢 4.5毫米壁厚超高强度地质专用无缝钢管成功供货**
近日，鞍钢4.5毫米壁厚超高强度地质专用无缝钢管50Mn成功实现供货。该产品突破了鞍钢股份地质专用无缝钢管极限薄壁厚规格，是鞍钢股份在地质专用无缝钢管制造领域取得的重大技术突破，将为国内外复杂地质条件下的勘探项目提供先进钢铁材料支持‌。
——--**国际钢铁****新****闻追踪** --——
**4月中国仍为土耳其最大热卷进口国**
土耳其统计局最新月度数据显示，4月份土耳其热轧卷板进口量同比下降35%，至27.65万吨。土耳其钢铁生产商协会（Turkish steel Producers ' Association）的数据显示，土耳其钢铁消费量下降也拖累了进口，4月份进口量同比下降2.9%，至300万吨。尽管同比下降67%，但中国仍是土耳其最大的热卷供应国，4月份为76,500吨，其次是埃及，为52,500吨，是之前的两倍多，俄罗斯为48,500吨，增长了30%。数据显示，其他供应商包括日本（2.46万吨）和法国（1.37万吨）。
——--**中国联合钢铁网****每日视点** --——
—-**钢材市场** -—
**【建筑钢材** 】16日建筑钢材市场价格略有上涨，主要城市螺纹钢均价为3237元/吨，较上一个交易日上涨2元/吨。当日主力合约2510收盘价2990元/吨，较前一个交易日上涨29元/吨。较杭州沙钢螺纹市价3320元/吨升水344元。今日市场价格反弹幅度较大，全天振幅较小，表现较为强势。主要原因是6月13日召开的国务院常务会议提出，要对全国房地产已供土地和在建项目进行摸底，进一步优化现有政策，提升政策实施的系统性有效性，多管齐下稳定预期、激活需求、优化供给、化解风险，更大力度推动房地产市场止跌回稳。有分析称，对已供应土地、在建项目进行摸底，是进一步优化已出台政策的关键一步。未来有关部门及各地有望在进一步加大政策力度的同时，提升政策实施的精准性、有效性。预计明日螺纹钢仍有上涨空间。**（****诸葛毅：手机与微信同号 17710186340）**
**【热轧卷板】** 16日热轧现货价格总体小幅上涨。全国主要城市均价3207元/吨较13日涨8元周环比跌11元，上海3180-3200元/吨较13日涨20元较上周同期稳。乐从3170-3190元/吨较13日稳较上周同期跌40元。天津3110-3130元/吨较13日涨10较上周同期跌10元。燕钢招标价今天较前一工作日价格涨10元。今天钢坯报价2920-2930元/吨较13日涨20元。热轧期货区间震荡上涨，收盘3104元较前一工作日涨22元涨幅0.71%。今日钢材现货成交整体一般，近期钢材持续收基差，淡季特征明显，市场买跌不买涨，低价成交为主，涨价后成交偏弱。今天5月份宏观经济数据公布房地产需求继续持弱，高温梅雨和中高考限制工地需求，总体需求表现一般。但受能源价格的强力带动下，双焦顺势回升，钢材期货普遍上涨，热轧期货同步上行。短期价格仍将震荡运行。**（史文飞：手机与微信同号 13701002840）**
**【冷轧卷板】** 16日全国主要城市冷轧板均价为3849元/吨，较上工作日涨1元/吨，较上周同期跌21元/吨。其中，上海地区市场价格鞍钢1.0冷卷3550元/吨，稳；天津天铁1.0冷卷3530元/吨，涨10元/吨；乐从柳钢1.0冷卷3630元/吨，涨10元/吨。期货盘面震荡走强，冷轧现货市场价格稳中有涨，终端采购多按刚需补库，总体市场成交有所好转，区域间成交表现存在差异，多地商家持稳出货为主。目前来看，受期货波动影响，需求端阶段性释放，而伴随生产淡季影响，需求释放难有持续性释放，基于当前价格处于较低水平，库存暂未有明显压力下，商家持谨慎心态，价格操作空间相对有限。预计短期冷轧窄幅震荡运行。**（王晓娇：手机与微信同号 15200017833）**
**【硅钢****】** 16日无取向硅钢均价4750元/吨，较昨日持稳，较上月同期下调300元/吨；取向硅钢均价13000元/吨，较昨日持稳，较上月同期下调100元/吨。今日硅钢市场价格持稳观望运行。主流钢厂出台7月份硅钢期货价格政策，继续平盘，实际订货优惠增加，从钢厂出台价格政策可以看出，钢厂对后市持悲观态势。下游方面，目前仍在生产淡季，家电厂采购积极性较低。所以预计短期内国内无取向硅钢市场或将稳中偏弱运行为主。**（****常波：手机与微信同号 13661363643****）**
**【无缝管】** 16日全国无缝管市场主流售价平稳，成交一般。全国33个城市108*4.5的无缝管平均售价为4248元/吨，较前一交易日降3元/吨，较上周同期降12元/吨。原料方面，今日管坯市场主流价格平稳，现连铸管坯出厂售价约3170-3200元/吨左右，热轧坯市场售价3120-3230元/吨左右。管厂方面，山东无缝管出厂售价平稳，山东一道次冷拔管出厂4580元/吨，热轧管出厂3980元/吨，聊城厚壁管出厂3800-3850元/吨左右。管厂售价持续走稳，成交表现一般。市场方面，今日期螺上涨，截至6月16日收盘，螺纹钢2510收2990元/吨，涨0.98%；热卷2510收3104元/吨，涨1.07%；铁矿石2509收704.5元/吨，涨0.21%。今日期货以及钢坯售价均呈现上涨的态势，有利于无缝管市场成交，今日全国124家无缝管贸易商样本企业成交总量为14827吨，日环比增长0.5%，年同比增长2.5%。从区域来看，除华东、西南区域成交量有所下降外，其余区域均有增长。预计近期全国地区无缝管价格或窄幅震荡运行。**（李卫卫：手机与微信同号 13366262119）**
**【不锈钢】** 16日不锈钢现货价格趋低运行。无锡市场方面：304冷轧太钢报价为13450元/吨，较前一交易日持稳；宏旺资源报价为12750元/吨，较前一交易日降50元/吨；304热轧报价为12300元/吨，较前一交易日降50元/吨。200系方面: 今日冷热轧价格趋低运行，目前J1四尺冷轧资源锡佛主流报至毛边7100-7450元/吨，J2J5资源走至毛边6600-6750元/吨。综合而言，今日市场多数资源价格趋低调整，行情偏弱，市场出货偏慢，预计近期市场将趋低调整。**（张立磊：手机与微信同号 13663250926）**
—-**原料市场** -—
**【进口矿】** 16日黑色系铁矿石期货震荡调整运行，09铁矿终收704.5元/吨涨0.21%成交量53.82万日减仓1.01万手；全天成交价格环比变化不大。唐山地区价格：PB粉735元/吨，纽曼筛后块875元/吨，超特粉619元/吨，纽曼粉712元/吨；山东地区成交价格：PB粉720/719元/吨，乌精790/785元/吨。进口矿现货市场稳中波动运行。今日盘面减仓坚挺，贸易商出货为主，钢厂按需采购为主，现货活跃度尚可。目前铁矿自身基本面相对中性，叠加钢厂利润仍维持，原料端需求有阶段性支撑，但市场预期仍偏谨慎。后期关注宏观面消息以及下游成材需求情况如何。综合来看，预计短期内铁矿石市场或震荡运行为主。**（乔红敏：手机与微信同号 15133921263）**
**【焦炭】** 16日国内焦炭市场弱势持稳。山西地区主流准一级湿熄焦出厂1030-1080元/吨，准一级干熄焦价格1245-1315元/吨。受环保限产因素制约，焦企开工率小幅下行；焦煤价格下跌让利，整体开工水平仍保持相对稳定。部分焦企通过主动降库使库存压力略有缓解，但下游采购仍较为谨慎，整体仍处于过剩水平。当前钢厂利润萎缩，对焦炭仍有控价；部分钢厂主动减产，焦炭需求进一步萎缩，钢厂采购谨慎为主。综合来看，焦炭供需格局维持偏宽松状态，短期焦炭市场弱势持稳运行。后期继续关注钢厂生产、焦煤价格走势、焦炭供需情况、焦钢利润等对焦炭市场的影响。**（刘凤霞：手机与微信同号 15010177915）**
**【钢坯** 】16日国内钢坯市价稳中趋涨运行，成交表现一般，厂商持谨慎坚挺心态。今黑色期货盘面持红震荡高走，给予市场一定提振，活跃度有所增加，低位资源渐显放量，在此局面下，市价稳中趋涨运行。截止发稿时，唐山上调20元/吨至2920-2930元/吨，江阴报2940元/吨。从目前行情来看，国际地缘政治因素推动原油上涨，间接带动黑色系商品，叠加钢坯现货市场呈现""强现实""特征，底部抗跌性较强。然季节性需求淡季依旧制约价格上涨空间，市场对高位价格仍存谨慎心态。短期来看，预计近期市场呈现先涨后趋弱的走势。**（邱磊：手机与微信同号 13582548705）**
**【废钢** 】16日废钢市场震荡调整运行，部分钢厂涨跌互现。其中华东地区多数钢厂持稳运行，少数钢厂小幅上调废钢采购价格，涨幅多在10-30元/吨之间；中西南地区少数钢厂涨跌互现，调整幅度多在20-30元/吨之间。目前华东地区市场重废不含税1890-2100元/吨。今黑色系期货表现偏强运行，成品材及钢坯现货价格小幅拉涨，市场信心有所提振。目前废钢基地仍维持快进快出操作，钢厂到货情况整体不一。考虑到钢厂利润空间偏低，加之废钢性价比不占有所，钢厂多按需采废，废钢持续上涨压力较大。预计短期废钢市场或窄幅震荡运行。（**史李阳：手机与微信同号****18801009067** ）
【免责声明】以上文章转载自互联网，转载目的在于传递更多信息，并不代表本网赞同其观点和对其真实性负责；如稿件版权单位或个人不愿在本网发布，请在两周内来电或来函与本网联系。
","# **2025年6月钢铁行业简报：政策托底与需求分化下的市场博弈**

---

## **1. 核心洞察摘要**
- **政策托底效应显现**：国务院常务会议释放房地产政策优化信号，叠加宏观政策“留有后手”的表述，市场对需求端企稳预期增强，短期支撑钢材价格反弹。
- **钢铁产量结构性分化**：5月粗钢产量同比降6.9%，但钢材产量增3.4%，反映钢厂通过调整产品结构（如高附加值无缝管、薄规格钢材）应对需求疲软。
- **原料端矛盾突出**：焦炭弱势持稳（山西准一级湿熄焦1030-1080元/吨）与铁矿震荡（PB粉720元/吨）并存，钢厂利润修复但仍受制于成材去库压力。

---

## **2. 关键数据与事实挖掘**
| **指标**               | **数值/趋势**                          | **同比变化**       | **来源** |
|-------------------------|----------------------------------------|--------------------|----------|
| 5月粗钢产量            | 8655万吨                              | -6.9%              | [国家统计局](https://www.custeel.com) |
| 5月钢材产量            | 12743万吨                             | +3.4%              | 同上     |
| 1-5月房地产开发投资    | 36234亿元                             | -10.7%             | 同上     |
| 5月社会消费品零售总额  | 41326亿元                             | +6.4%（汽车除外+7.0%） | 同上     |
| 螺纹钢主力合约（2510） | 2990元/吨（升水杭州现货344元）        | 日涨0.98%          | [中联钢日报](https://www.custeel.com) |
| 热轧现货均价           | 3207元/吨                             | 周环比跌11元       | 同上     |

---

## **3. 深层因果关系分析**

### **（1）宏观与政策：房地产“摸底”与消费韧性**
- **政策信号**：国务院提出对房地产已供土地和在建项目摸底，旨在优化政策精准性（如保交楼、去库存），短期提振市场情绪（螺纹期货涨0.98%）。但1-5月新开工面积降22.8%，显示实际需求复苏仍需时间。
- **消费支撑**：5月社零增长6.4%（汽车除外+7.0%），反映内需韧性，但基建与制造业投资（1-5月固投+3.7%）未完全对冲地产下滑，钢材需求结构性分化（建筑材弱于工业材）。

### **（2）产业链联动：成本与利润的博弈**
- **铁矿强于焦炭**：铁矿（PB粉720元/吨）受钢厂阶段性补库支撑，而焦炭（山西准一级1080元/吨）因钢厂减产需求萎缩，二者价差反映钢厂对高品位矿的偏好。
- **钢厂策略调整**：鞍钢突破4.5mm薄壁无缝管技术，印证钢厂转向高附加值产品（如地质专用管、冷轧硅钢）以对冲普材利润压力。

### **（3）矛盾点透视：产量降、库存稳、价格涨**
- **反常现象**：5月粗钢产量降6.9%，但钢材库存未显著去化（热轧成交“买涨不买跌”），表明终端需求疲软下，贸易商囤货意愿低，涨价依赖政策预期而非实际消耗。

---

## **4. 趋势预测与风险评估**
### **短期（1-3个月）**
- **上行驱动**：政策预期+原料成本支撑（铁矿700元/吨关口），螺纹钢或试探3100元/吨。
- **下行风险**：地产新开工持续负增长（-22.8%）、高温雨季施工放缓，需求证伪后价格回调。

### **中期（3-6个月）**
- **关键变量**：若房地产政策落地力度超预期（如专项债加码），建筑材需求或阶段性反弹；否则钢厂减产范围扩大，压制原料价格。
- **核心假设**：宏观政策保持温和刺激，海外原油价格（欧佩克+供应增）不引发输入性通胀。

---

## **5. 战略建议（钢铁冶金EPC工程总承包设计院）**
### **（1）市场机会识别**
- **高附加值产线**：聚焦薄规格无缝管（如鞍钢4.5mm地质管）、高强钢（汽车/能源用钢）的EPC项目，替代进口。
- **环保改造**：生态环境部规范再生原料进口（如再生黑粉），推动电炉短流程钢厂技改需求。

### **（2）客户项目预判**
- **区域分化**：华东（社零+7.0%）或优先启动消费关联项目（如家电用冷轧线），北方依赖基建托底（如“两新一重”）。
- **风险规避**：谨慎参与高负债房企关联项目（1-5月房企到位资金-5.3%），优先政府主导的保障房/城中村改造。

### **（3）技术方案优化**
- **低成本设计**：钢厂利润承压下，EPC方案需突出能耗优化（如焦炭干熄技术）、废钢比提升（1-5月废钢价1890-2100元/吨）。
- **数字化交付**：嵌入智能排产系统，帮助钢厂灵活调整产品结构（如螺纹转工业材）。

---

**数据来源**：[6.17中联钢联合钢铁网日报](https://www.custeel.com/shouye/common/viewArticle.jsp?group=&cat=&articleID=7991583)  
**分析周期**：2025年6月  
**免责声明**：本报告结论基于公开数据与合理假设，实际市场可能因突发政策或黑天鹅事件偏离预测。"
6.16中联钢联合钢铁网日报,https://www.custeel.com/shouye/common/viewArticle.jsp?group=&cat=&articleID=7990257,"——---**财经****新闻** ---——
**【国际****新****闻】**
**1、法国国家统计和经济研究所** 公布的最终数据显示，法国5月消费者价格指数（CPI）同比上涨0.7%，涨幅低于前几个月；环比下降0.1%，与预测值相同。
**【国内****新****闻】**
**1、国务院总理李强** 主持召开国务院常务会议，部署中国（上海）自由贸易试验区试点措施复制推广工作，听取构建房地产发展新模式和推进好房子建设有关情况汇报。会议指出，要用好中国（上海）自由贸易试验区全面对接国际高标准经贸规则的试点经验，在更大范围释放制度创新红利，以高水平开放推动深层次改革、高质量发展。要因地制宜做好复制推广工作，充分考虑各地实际情况，重点推进企业和群众急需的试点举措，做好与其他改革开放试点措施的相互协调、相互衔接。要在守住风险底线的前提下，更大力度开展制度型开放试验，加快构建更高水平开放型经济新体制。 会议指出，构建房地产发展新模式，对于促进房地产市场平稳、健康、高质量发展具有重要意义，要着眼长远，坚持稳中求进、先立后破，有序搭建相关基础性制度。要扎实有力推进“好房子”建设，纳入城市更新机制加强工作统筹，在规划、土地、财政、金融等方面予以政策支持。要对全国房地产已供土地和在建项目进行摸底，进一步优化现有政策，提升政策实施的系统性有效性，多管齐下稳定预期、激活需求、优化供给、化解风险，更大力度推动房地产市场止跌回稳。
**2、中国证监会** 公布《期货市场程序化交易管理规定（试行）》，自2025年10月9日起施行。一是明确制定目的。加强期货市场程序化交易监管，规范程序化交易行为，维护期货交易秩序和市场公平。二是明确适用范围。在中华人民共和国境内期货市场的程序化交易相关活动，适用本规定。三是明确定义。明确程序化交易和高频交易定义、特征，高频交易具体标准由期货交易所制定。四是明确基本原则。从事程序化交易应当遵循公平原则，不得影响期货交易所系统安全和正常交易秩序。五是明确职责分工。包括中国证监会及其派出机构的行政监管职责，期货交易所、中国期货业协会的自律管理职责，中国期货市场监控中心的监测监控职责。六是明确信息共享和监测监控。期货交易所等单位应当加强程序化交易跨交易所跨市场信息共享和监测监控。
**3、央行** 公告，为保持银行体系流动性充裕，2025年6月16日，中国人民银行将以固定数量、利率招标、多重价位中标方式开展4000亿元买断式逆回购操作，期限为6个月（182天）。
**4、商务部国际贸易谈判副代表李詠箑** 在国新办新闻发布会上表示，商务部将进一步扩大开放，放宽外资市场准入。商务部将修订并扩大《鼓励外商投资产业目录》，研究制定鼓励外资企业境内再投资政策，为外资企业在中国投资新兴领域和未来产业提供更多的机遇。商务部将与有关部门一起落实好《2025年稳外资行动方案》，在云计算、生物技术、独资医院等领域加快开放试点，有序扩大其他服务领域的自主开放。要用好现有的开放平台，比如自由贸易试验区、国家级经济技术开发区、国家服务业扩大开放综合试点示范等，稳步扩大制度型开放。
**5、山西阳泉市发展和改革委员会、能源局** 制定了《阳泉市能源领域碳达峰实施方案》，其中提到，扛牢能源保供政治责任，合理控制全市煤炭生产总量，全面系统评估全市煤矿产能状况、安全水平和环保现状，分类进行优化处置，全面提升煤矿安全生产水平和煤炭稳产稳供能力。积极构筑煤炭“产供储销”体系，鼓励国有大型煤炭企业在我市筹建煤炭产品储备基地。到2025年，全市生产煤炭总产能稳定在5740万吨/年左右，全市煤矿先进产能占比稳定在95%左右；到2030年，全市生产煤炭总产能稳定在5800万吨/年左右，全市煤矿先进产能和2025年基本持平。
**6、《广州市提振消费专项行动实施方案（征求意见稿）》** 公开征求意见。其中提到，有序减少消费限制。优化房地产政策，全面取消限购、限售、限价，降低贷款首付比例和利率。更好满足住房消费需求。扎实推进城中村及老旧小区改造，2025年计划推进新开工老旧小区改造超150个，更新住宅老旧电梯超9000台，完成城中村改造固定资产投资1000亿元。推进利用专项借款购买存量商品房作为安置房。持续优化住房公积金使用政策，支持缴存人在提取住房公积金支付购房首付款的同时申请住房公积金个人住房贷款，进一步优化租房提取政策措施。
——-**-国内钢铁****新****闻追踪** --——
**马钢炼铁厂 1号高炉实现“负间隔出铁”**
4月份，宝武马钢炼铁厂1号高炉日均出铁时间首次突破1440分钟，首次实现2500立方米高炉“负间隔出铁”‌。
——--**国际钢铁****新****闻追踪** --——
**印度 5月粗钢产量同比增长9.5%**
根据印度联合钢厂委员会公布的最新初步数据，2025年5月印度粗钢产量达到1351万吨，同比增长9.5%，显示出该国钢铁行业产能持续释放。同期，印度成品钢产量也录得同比增长9.6%，达到1315万吨，与粗钢产量同步上扬，反映出下游制造和加工环节的稳定配合。尽管国内产量增长强劲，但5月印度成品钢进口量却出现明显下滑，同比大幅减少40.7%，降至约42.8万吨。这已是连续第二个月进口量下跌，主要原因是印度自4月21日起对进口合金及非合金类钢铁板材实施为期200天的12%保障性关税，抑制了海外钢材的流入。另一方面，印度成品钢出口形势也不容乐观。数据显示，印度已连续六个月出口同比下滑。2025年5月出口量同比减少9.1%，降至39.1万吨，主要受到全球钢铁需求疲软的影响。整体来看，印度钢铁行业目前面临“内热外冷”格局——国内产能扩张和保护性政策推动本地市场供给增加，但出口表现持续承压。
——--**中国联合钢铁网****每日视点** --——
—-**钢材市场** -—
**【建筑钢材** 】本周国内建筑钢材价格跌幅较大。今日主要城市螺纹钢均价为3235元/吨，较上周下跌5元/吨，建筑钢材市场价格呈现窄幅振荡趋势，主要原因是市场中没有能刺激价格上涨的因素，而钢厂当前利润尚可，所以价格有一定支撑。周初，下游需求清淡，焦煤涨价预期影响减弱，市场振幅明显减小。加上当前在政策真空期，市场预期并不积极。随后，受到中美经贸磋商预期的影响，价格有所上涨，但是会谈结果显示并无新的协议达成，而主要是敲定日内瓦会谈的协议内容，这样低于预期的结果使市场情绪有所降温。本周建筑工地资金到位率小幅回落，环比减少0.1个百分点至59.03%。其中，非房建项目资金到位率为61%，自4个月高位回落0.01个百分点，房建项目资金到位率则续降0.66%至49.19%，达两个月低位，对建筑钢材需求支撑并不十分强劲。预计下周螺纹钢价格小幅下跌。**（****诸葛毅：手机与微信同号 17710186340）**
**【热轧卷板】** 本周热轧现货整体小幅回落。截止6月13日重点城市热轧平均价格3199元较上周同期跌25元。其中上海3170-3190元/吨，较上周跌20元。乐从3180-3200元/吨上周跌40元，天津3100-3120元/吨较上周跌30元。本周产量环比减量近4万吨，近几周增减反复增加总体达到产量高位，目前恢复至325万吨整数年内高水平。本周社会库存近268万吨，环比增4万吨，连续3周大幅回落后连续两周显增。库存同比降幅收缩至17%左右。目前水平降至21年以来同期最低水平。周度表观消费环比降1万吨表现偏弱。本周行情总体有所下跌，本周热轧库存继续增加，表现需求小幅下降，热轧期货带动现货走低，淡季制造业需求偏弱，市场心态保持中性偏弱，短期价格仍将震荡偏弱为主。**（史文飞：手机与微信同号 13701002840）**
**【冷轧卷板】** 本周冷轧市场震荡偏弱运行，国内重点城市冷轧板日均价3848元/吨，较上周跌26元/吨，较上月同期跌135元/吨。其中上海地区市场价格鞍钢1.0冷卷3550元/吨，较上周跌40元/吨；天津天铁1.0冷卷3520元/吨，较上周跌10元/吨；乐从柳钢1.0冷卷3620元/吨，较上周跌20元/吨。上海地区5.5普热卷报3180元/吨，冷热差价在370元/吨，周比收窄20元/吨。本周期货盘面区间震荡，冷轧现货市场价格偏弱调整，终端采购情绪跟随期货波动，多进行低价刚需补库，总体市场成交表现一般，多地市场价格持稳促进成交，出货为主。统计数据显示，较上周冷轧库存微增，库存压力暂不明显。受期货波动影响，需求端阶段性释放，而伴随生产淡季影响，需求释放难有持续性释放，价格方面易跌难涨，基于当前价格处于较低水平，库存暂未有明显压力下，商家持谨慎心态，价格操作空间相对有限。预计下周冷轧价格窄幅震荡偏弱运行。**（王晓娇：手机与微信同号 15200017833）**
**【硅钢****】** 本周硅钢市场中无取向价格继续弱势，取向硅钢市场震荡偏稳。截止今日，无取向硅钢均价4750元/吨，较上周五持稳平，较上月同期下调300元/吨；取向硅钢均价13000元/吨，较上周五持平，较上月同期下调100元/吨。本周初，硅钢市场价格稳中偏弱运行。市场方面，黑色系期货盘面窄幅波动，无取向硅钢市场部分资源现货价格继续弱势运行。成交方面，当前市场行情偏弱，终端采购观望情绪较浓，整体成交情况表现一般。心态方面，现货市场商家心态普遍偏谨慎观望。主流钢厂宝武集团出台7月份期货价格政策，继续平盘，可以看出钢厂对后市也偏谨慎。临近周末，硅钢市场价格持稳观望运行。期螺面震荡运行，市场或情绪回归谨慎观望为主。主流钢厂出台7月份期货价格政策继续平盘，可以看出钢厂对后市持悲观态势。所以预计短期内无取向硅钢价格将继续以稳中偏弱运行为主。**（****常波：手机与微信同号 13661363643****）**
**【无缝管】** 本周无缝管市场价格小幅疲软，成交一般。33个城市108*4.5的无缝管均值为4251元/吨，较上周同期降18元/吨，较上月同期降43元/吨。本周管坯出厂售价下行，管坯厂接单一般，连铸管坯出厂3150-3350元/吨左右，热轧坯出厂3250-3300元/吨。本周山东无缝管出厂售价疲软，山东临沂一道次冷拔管出厂4580元/吨，热轧管出厂3980元/吨 ，聊城厚壁管出厂3800-3850元/吨。供应方面：本周无缝管产量36.96万吨，周环比减0.12万吨，月同比增0.01万吨；产能利用率80.31%，周环比下降0.26%，月同比增0.02%；开工率58.18%，周环比降0.91%，月同比降1.82；厂内库存69.78万吨，周环比增3.1万吨，月同比增7.14万吨。需求方面，进入需求淡季，日出货量明显下降，本周无缝管日均出货量为1.52万吨，较上周降0.01万吨，后期受天气影响，无缝管日出货量仍有进一步萎缩的可能。预计下周无缝管售价疲软下行的可能性仍大。**（李卫卫：手机与微信同号 13366262119）**
**【不锈钢】** 本周不锈钢行情继续走低。截止收稿，无锡市场方面：304冷轧太钢报价为13450元/吨；宏旺2.0资源报价为12800元/吨；304热轧3.0报价为12350元/吨。200系方面:本周200系品种价格继续趋低，201价格持续走弱，市场情绪悲观看待后市走向。钢厂6月份200系粗钢排产量减少，但下游需求尚未显现。高镍铁方面：本周市场议价区间下移，镍铁价格承压运行。后续还需关注镍矿和镍铁供需情况以及镍铁最新成交动态。高碳铬铁方面：本周主流报价在7800元/50基吨附近。铬铁市场整体呈现弱稳下行态势。下周综合预测：预计短期内，市场价格将维持窄幅震荡格局。后续需重点关注青山钢厂价格政策调整，以及原料市场的波动变化。**（张立磊：手机与微信同号 13663250926）**
—-**原料市场** -—
**【进口矿】** 本周进口矿现货市场震荡偏弱调整运行，整体价格重心环比小幅趋弱。本周宏观方面，中美经贸在伦敦会谈，市场情绪阶段性稍有缓和，但未有实质性进展，周后期，美国对家电钢制品等加征关税，关税仍存在一定不确定性，另外海外地缘政治方面突发，原油大涨，带动黑色情绪稍有波动，但未带动黑色有较大起色。产业方面，铁水下降缓慢，淡季下成材矛盾逐步在累积，整体仍是震荡偏弱格局。本周盘面波动区间697-711元/吨，掉期波动区间93.65-95.6美金，截止周五，山东地区PB粉成交722元/吨左右，唐山地区PB粉735/738元/吨，卡粉830元/吨，超特粉619元/吨。综合来看，本周发运和到港均有所回升，季度末矿山冲量增加，港口库存出现小幅回升，市场预期供给端压力或会逐步增加。需求方面，目前铁水延续小幅波动至241万/吨，钢厂利润支撑下，铁水下降斜率仍较小，当下铁矿基本面中性，不过铁矿预期仍下降，但跌幅仍是不顺畅。钢材方面，钢材供需季节性特征增加，需求同比有下降，但库存仍维持去库，钢材矛盾逐步积累中，尤其板材矛盾又增加，后期市场博弈仍是需求下降预期以及成本下移矛盾。宏观面，中美关系或仍有不确定性，以及海外地缘政治影响增加，宏观方面博弈增加；预计下周铁矿石市场整体震荡调整运行，市场情绪仍偏谨慎。**（乔红敏：手机与微信同号 15133921263）**
**【焦炭】** 本周国内焦炭市场价格降后持稳，山西地区主流准一级湿熄焦出厂1030-1080元/吨，准一级干熄焦价格1245-1315元/吨。焦价连续下降三轮，焦企利润空间持续压缩，部分亏损焦企有小幅减产，多数保持正常生产状态。受下游采购滞缓影响，焦企出货情况一般，厂内焦炭多有累库现象。目前钢厂盈利能力尚可，多数钢厂焦炭库存处于合理偏高水平，钢厂采取控量采购策略，维持按需补库节奏。钢价弱势运行，钢厂仍有意控价采购。综合来看，焦炭供需趋于宽松，焦炭价格弱势为主。下周来看，焦化厂生产略有减产，库存压力增加；钢厂生产有所减产，对焦炭需求萎缩，钢价弱势回落，钢厂利润萎缩，对成本仍保持降价策略。焦炭供需格局保持宽松状态，价弱势难改。焦煤价格窄幅回落让利，成本支撑减弱，下周焦炭价格仍有下跌风险。具体走势还要关注政策、上下游价格及焦炭需求释放情况。**（刘凤霞：手机与微信同号 15010177915）**
**【钢坯** 】本周国内钢坯市价小幅波动运行，成交表现一般偏弱。随着一些利好政策时而释放，黑色期货盘面略有反弹上行，叠加下游阶段补货，市场活跃度增加，在此局面下，钢坯价格呈现小幅震荡回涨的走势。然高位需求跟进依旧乏力，厂商仍保持谨慎观望态度，加之产业链数据不佳，故周四时，期现市场再现回落行情。周五，随着期货低开高走，市场低位略有提振，部分主流城市小幅回涨，但多数仍以谨慎报稳观望为主。截止发稿时，唐山报2900-2910元/吨周比持平，江阴报2940元/吨周比累降20元/吨。从目前市场情况来看，国内钢坯市场基本面延续偏弱格局，价格高位承压明显。社会库存虽持续处于低位，为价格提供一定底部支撑，叠加宏观利好政策间歇性提振市场情绪，但终端需求受季节性淡季制约，市场供需矛盾依旧存在，难以实质性改善。从成本端来看，尽管钢企维持盈利，但铁水产量呈现小幅下滑态势，同时铁矿供应增加、双焦基本面未见好转，原料价格或趋弱调整，故成本支撑基础脆弱。多重因素博弈下，预计市场或呈现窄幅震荡偏弱运行的态势。**（邱磊：手机与微信同号 13582548705）**
**【废钢** 】本周废钢市场震荡调整运行。周初黑色系期货盘面震荡偏强运行，钢坯价格小幅上涨，市场心态有所好转，部分钢厂小幅上调废钢采购价格。其中华东和华北地区部分钢厂上调10-30元/吨；中西南地区部分钢厂涨跌互现，调整幅度多在10-40元/吨之间。周中随着期螺横盘震荡，钢厂多维持按需调整采废价格。华东地区少数钢厂涨跌互现；华北和中西南地区部分钢厂弱势下调，跌幅多在10-20元/吨之间。目前钢厂利润偏低，多根据自身情况小幅调整采废价格。截至周五，华东地区市场重废不含税1890-2100元/吨。
下周展望：近期钢材走势震荡，钢厂利润空间偏低，多维持按需采购废钢。目前废钢性价比不及铁水，长流程钢厂用废积极性不高，短流程钢厂也因亏损有减停产情况，废钢需求有减少的趋势。再加上终端需求释放欠佳，钢厂为控制成本或会打压废钢价格。不过考虑到废钢产出量有所减少，资源供应偏紧，对废钢价格仍有一定支撑。预计下周废钢市场涨跌两难，或小幅震荡运行。（**史李阳：手机与微信同号****18801009067** ）
【免责声明】以上文章转载自互联网，转载目的在于传递更多信息，并不代表本网赞同其观点和对其真实性负责；如稿件版权单位或个人不愿在本网发布，请在两周内来电或来函与本网联系。
","# 2025年6月钢铁市场周度分析：政策红利与季节性需求疲软的博弈

## 1. 核心洞察摘要
- **政策驱动与市场疲软形成鲜明对比**：国务院推动自贸区制度创新复制推广和房地产""好房子""建设，但钢材市场仍受制于季节性需求疲软和资金到位率下滑（房建项目资金到位率降至49.19%两个月低位）
- **原料成本支撑减弱但下行不顺畅**：铁水产量仍维持241万吨/日高位，但铁矿港口库存开始累积，焦炭完成三轮降价后仍有下行风险，成本端对钢价的支撑逐步弱化
- **内外需分化明显**：印度粗钢产量同比增长9.5%但出口连续六个月下滑，中国钢材出口同样承压，反映全球钢铁需求疲软背景下国内钢厂更需依赖政策刺激的内需市场

## 2. 关键数据与事实挖掘

### 宏观经济与政策
| 指标 | 数据/政策要点 | 影响领域 |
|------|--------------|----------|
| 法国5月CPI | 同比上涨0.7%，环比下降0.1% | 全球通胀压力缓解 |
| 上海自贸区试点 | 部署复制推广工作，扩大制度型开放试验 | 钢铁外贸、高端制造 |
| 房地产新政 | 推进""好房子""建设，摸底已供土地和在建项目 | 建筑钢材需求 |
| 期货市场监管 | 《期货市场程序化交易管理规定》2025年10月施行 | 黑色系期货交易 |
| 央行流动性操作 | 4000亿元6个月逆回购 | 市场资金面 |

### 钢铁产业数据
| 品种 | 价格变动(元/吨) | 库存/产量变化 | 关键数据点 |
|------|-----------------|----------------|------------|
| 螺纹钢 | 均价3235(-5) | - | 房建资金到位率49.19%(两个月低位) |
| 热轧卷板 | 3199(-25) | 库存268万吨(+4) | 表观消费环比降1万吨 |
| 冷轧卷板 | 3848(-26) | 库存微增 | 冷热差价370元/吨(周比收窄20) |
| 无取向硅钢 | 4750(持平) | - | 较上月下调300元 |
| 无缝管 | 4251(-18) | 厂库69.78万吨(+3.1) | 日出货量1.52万吨(-0.01) |
| 进口矿 | PB粉722(-) | 港口库存小幅回升 | 铁水241万吨/日 |
| 焦炭 | 准一级湿熄1030-1080 | 焦企累库 | 三轮降价后持稳 |

## 3. 深层因果关系分析

### 宏观与政策层面的传导效应
国务院常务会议对房地产""基础性制度""的搭建和""好房子""建设的强调（来源：[6.16中联钢联合钢铁网日报](https://www.custeel.com/shouye/common/viewArticle.jsp?group=&cat;&articleID=7990257)），与广州全面取消限购限售的政策形成合力，理论上应提振建筑钢材需求。但政策见效需要时间，而当前房建资金到位率持续下滑至49.19%，显示短期房地产投资仍面临资金约束，导致政策红利与市场现实出现背离。

商务部扩大外资准入（云计算、生物技术等）和阳泉市煤炭产能控制政策（2025年5740万吨/年）反映了经济结构转型的长期趋势，对钢铁需求结构产生深远影响：传统建筑用钢需求峰值已过，而高端制造业用钢（如硅钢）将获得更多发展空间。

### 产业链成本传导阻滞
当前市场呈现""铁矿强于焦炭强于成材""的非常规格局：
- 铁矿因铁水产量仍处241万吨/日高位而相对抗跌（来源：同上报导），但港口库存开始累积，远期预期转弱
- 焦炭已完成三轮降价，焦企开始亏损减产，但钢厂利润尚可下继续压价意愿强烈
- 成材端各品种全面下跌，冷轧跌幅(26元)大于热轧(25元)反映制造业需求尤其疲软

这种非常规格局表明成本传导机制出现阻滞，钢厂无法通过提价转嫁成本压力，最终将迫使原料端进一步降价以修复钢厂利润。

### 区域与品种分化中的机会
- **区域差异**：广州全面取消房地产限制政策与阳泉煤炭产能控制形成区域政策反差，可能导致钢材需求区域分化
- **品种差异**：建筑钢材(螺纹)库存压力小于板材(热轧库存连续两周增加)，但房建资金到位率下滑更快，反映政策对基建的倾斜
- **技术突破**：马钢1号高炉实现""负间隔出铁""显示钢厂在存量市场中通过效率提升降本的压力增大

## 4. 趋势预测与风险评估

### 短期(1-3个月)展望
**基准情景(概率60%)**：钢材市场延续震荡偏弱格局
- 上行因素：房地产政策持续发力，专项债加速发行
- 下行压力：季节性需求疲软(日均出货量已降至1.52万吨)，原料成本支撑减弱
- 关键观察点：铁水产量是否快速下降至235万吨/日以下

**风险情景(概率30%)**：政策刺激超预期带动价格反弹
- 触发条件：城中村改造投资加速、基建资金到位率快速回升
- 反弹品种排序：螺纹钢>热轧>冷轧

### 中期(3-6个月)展望
结构性机会与风险并存：
- **机会领域**：
  - 高端硅钢(新能源汽车、特高压需求)
  - 节能环保改造项目(钢厂盈利承压下更关注运营成本节约)
- **风险领域**：
  - 普通建材(房地产长周期调整)
  - 出口导向型产品(全球贸易保护主义抬头)

*核心假设*：此预测基于①美联储2025年内不进一步加息；②中国房地产政策保持当前力度不加码；③欧盟对中国钢铁产品不实施新的贸易限制。

## 5. 战略性建议（钢铁冶金EPC工程总承包设计院）

### 市场机会识别与项目预判
1. **能效提升改造项目**：
   - 重点关注高炉""负间隔出铁""等增效技术(如马钢案例)，开发标准化能效提升方案
   - 预期项目类型：现有高炉智能化改造、热风炉余热回收系统升级

2. **产品结构升级项目**：
   - 跟踪硅钢价格分化(无取向跌300元而取向仅跌100元)，预判钢厂将增加高牌号硅钢产能
   - 提前布局硅钢生产线EPC技术储备，特别是新能源汽车驱动电机用高牌号无取向硅钢

3. **区域政策红利项目**：
   - 聚焦广州等政策宽松区域，开发""城中村改造+钢结构住宅""一体化解决方案
   - 关注阳泉等能源转型地区，设计""煤炭储备基地+短流程钢厂""耦合项目

### 技术方案优化方向
- **成本敏感型设计**：
  采用模块化设计降低焦化、烧结等工序建设成本(当前焦炭价格已降至1080元/吨低位)
  
- **原料灵活性提升**：
  开发可适应低品位铁矿(如超特粉)和高比例废钢的炼钢工艺，应对原料价格波动

- **数字化交付**：
  将程序化交易监管要求(新规2025年10月施行)融入钢厂智能仓储和物流系统设计

### 风险规避策略
1. **项目组合管理**：
   - 增加节能改造类项目占比(抗周期性强)，控制新建大型高炉项目风险敞口
   - 建议保持改造:新建=7:3的项目结构

2. **合同条款优化**：
   - 对铁矿、焦炭等原料价格敏感项目，引入价格联动条款
   - 要求业主提高预付款比例(当前钢厂现金流尚可)

3. **政策跟踪机制**：
   - 建立自贸区政策专项研究组，提前布局可能开放的钢铁新领域(如外资独资钢厂设计标准)
   - 重点关注上海自贸区制度创新可能带来的钢铁外贸新模式

4. **客户信用管理**：
   - 对资金到位率低于50%(如当前房建项目)的业主提高付款担保要求
   - 优先选择有城中村改造专项借款支持的客户"
6.13中联钢联合钢铁网日报,https://www.custeel.com/shouye/common/viewArticle.jsp?group=&cat=&articleID=7988842,"——---**财经****新闻** ---——
**【国际****新****闻】**
**1、美国****5月PPI同比增长2.6%，符合预期，前值增长2.4%。美国5月核心PPI同比增长3%，低于预期值3.1%，前值为3.1%。**
**2、欧洲央行管委Simkus** ：欧洲央行已经达到中性利率水平。由于通胀低于预期的风险增加，利率可能仍需下调。
**【国内****新****闻】**
**1、商务部新闻发言人何亚东** 表示，中国作为负责任大国，充分考虑各国在民用领域的合理需求与关切，依法依规对稀土相关物项出口许可申请进行审查，已经依法批准一定数量的合规申请，并将持续加强合规申请的审批工作。
**2、中国人民银行、国家外汇局** 联合印发《关于金融支持福建探索海峡两岸融合发展新路建设两岸融合发展示范区的若干措施》。《若干措施》着眼两岸融合发展示范区建设，支持福建探索海峡两岸融合发展新路，助力两岸交流交往交融。《若干措施》从优化两岸共同“生活圈”金融生态、服务台胞台资企业登陆第一家园建设，支持在福州、厦门、泉州开展跨境贸易高水平开放试点，支持资本项下跨境投融资便利化，全面加强金融监管、有效防范化解金融风险等四方面提出12条政策措施，对持续深化两岸融合发展示范区建设、推进金融高水平开放具有重要意义。
**3、央行** 公告，2025年6月12日，中国人民银行以固定利率、数量招标方式开展了1193亿元逆回购操作，操作利率为1.40%，投标量和中标量均为1193亿元。
**4、工业和信息化部相关负责人** 表示，汽车企业主动承诺“支付账期不超过60天”，是积极响应国家号召、践行社会责任与企业担当的体现，对构建“整车—零部件”协作共赢发展生态具有重要意义。工业和信息化部相关负责人表示，支持整车企业切实践行有关承诺，继续引导整车企业与供应链企业建立长期稳定的合作关系，促进大中小企业融通创新、协同发展，积极营造“大河有水小河满”的良好局面，不断提升产业链供应链韧性和安全水平，也为全球汽车产业发展作出新贡献。
**5、国家发展改革委副主任李春临** 在国新办新闻发布会上表示，从金融、技术、数据等要素赋能实体经济的角度来看，《关于深入推进深圳综合改革试点深化改革创新扩大开放的意见》推出了深化金融市场等改革举措，支持符合条件的香港联合交易所上市公司在深圳证券交易所发行上市存托凭证，允许符合条件、在香港联合交易所上市且在境内注册的粤港澳大湾区企业在深圳证券交易所上市。
**6、广西壮族自治区人民政府办公厅** 印发《广西提振消费专项行动实施方案》，其中提出，持续开展“好房子·悦生活”住房促消费活动。推动“房票”安置取得更大进展。落实好住房交易税收优惠政策。支持提取公积金支付购房首付款的同时申请住房公积金个人住房贷款。推进灵活就业人员参加住房公积金制度。统筹盘活各类房源，拓宽收购房源用途，用好专项债券、保障性住房再贷款等政策工具，2025年力争收购存量商品房2.5万套。
——-**-国内钢铁****新****闻追踪** --——
**攀钢高氮无磁钢制备取得关键进展**
近日，鞍钢集团攀钢在高氮无磁钢制备领域取得了重大突破，成功制备出最高氮含量达0.7%的高氮无磁钢，打破了此前在高端高氮无磁钢制备方面的技术瓶颈，并打通了该系列材料的全流程制备工艺‌。
——--**国际钢铁****新****闻追踪** --——
**俄罗斯对土耳其黑色金属出口创五个月新高**
2025年4月，俄罗斯对土耳其的黑色金属出口显著增长，同比增长达1.5倍。据土耳其统计局数据显示，当月出口额达2.536亿美元，创下自2024年12月以来的最高水平，环比增长23.4%，显示出土耳其市场对俄罗斯金属产品的持续需求。2025年前四个月，俄罗斯对土耳其的黑色金属累计出口总额已超过9.22亿美元，同比增加约25%。其中，主要出口品类包括价值约1.06亿美元的钢铁半成品、7450万美元的初级生铁，以及1940万美元的黑色金属废料与废钢。此外，出口中还包括630万美元的铁合金和4490万美元的各类扁平轧制产品，占比也较为可观。截至4月底，俄罗斯稳居土耳其第一大钢铁供应国，领先于荷兰（1.376亿美元）、美国（1.366亿美元）、德国（9980万美元）和英国（9680万美元）。
——--**中国联合钢铁网****每日视点** --——
—-**钢材市场** -—
**【建筑钢材** 】12日建筑钢材市场价格略有上涨，主要城市螺纹钢均价为3246元/吨，较上一个交易日上涨2元/吨。当日主力合约2510收盘价2968元/吨，较前一个交易日下跌21元/吨。较杭州沙钢螺纹市价3310元/吨升水335元。今日市场观望情绪增加，随着中美第二次会谈结果的公布，并无新的协议达成，而主要是敲定日内瓦会谈的协议内容，这样低于预期的结果使市场情绪有所降温。本周建筑工地资金到位率小幅回落，环比减少0.1个百分点至59.03%。其中，非房建项目资金到位率为61%，自4个月高位回落0.01个百分点，房建项目资金到位率则续降0.66%至49.19%，达两个月低位，对建筑钢材需求支撑并不十分强劲。预计明日螺纹钢价格小幅下跌。**（****诸葛毅：手机与微信同号 17710186340）**
**【热轧卷板】** 12日热轧现货价格总体小幅回落。全国主要城市均价3214元/吨较11日跌6元周环比涨2元，上海3180-3200元/吨较11日稳较上周同期涨20元，乐从3200-3210元/吨较11日跌30元较上周同期跌10元。天津3120-3140元/吨较11日跌10较上周同期稳。燕钢招标价今天较前一工作日价格稳。今天钢坯报价2890-2900元/吨较11日跌30元。热轧期货区间震荡上涨，收盘3080元较前一工作日跌28元跌幅0.9%。今日钢材现货成交整体偏弱，价格跟随盘面回落，市场情绪转弱，乐从价格转弱明显，跌价收基差。本周数据板材产量下降同时库存环比回升，代表当前需求较弱，对社会资源的消化情况不佳 ，市场价格受期货带动明显下降。短期宏观利好和季节性需求走弱对价格支撑不足，仍将维持震荡偏弱的态势。**（史文飞：手机与微信同号 13701002840）**
**【冷轧卷板】** 12日全国主要城市冷轧板均价为3864元/吨，较上工作日跌5元/吨，较上周同期跌9元/吨。其中，上海地区市场价格鞍钢1.0冷卷3570元/吨，跌10元/吨；天津天铁1.0冷卷3530元/吨，稳；乐从柳钢1.0冷卷3630元/吨，跌20元/吨。期货盘面震荡走弱，冷轧现货市场价格稳中有降，终端采购多进行低价刚需补库，总体市场成交表现较差，多地市场价格议价或优惠出货，降幅相对有限。统计数据显示，较上周冷轧库存微增，库存压力暂不明显。受期货波动影响，需求端阶段性释放，而伴随生产淡季影响，需求释放难有持续性释放，价格方面易跌难涨，商家谨慎操作为主。预计短期冷轧窄幅震荡运行。**（王晓娇：手机与微信同号 15200017833）**
**【硅钢****】** 12日无取向硅钢均价4750元/吨，较昨日持稳，较上月同期下调300元/吨；取向硅钢均价13000元/吨，较昨日持稳，较上月同期下调100元/吨。今日硅钢市场价格持稳观望运行。期螺面震荡运行，市场或情绪回归谨慎观望为主。主流钢厂出台7月份期货价格政策继续平盘，可以看出钢厂对后市持悲观态势。所以预计短期内国内无取向硅钢市场或将稳中偏弱运行为主。**（****常波：手机与微信同号 13661363643****）**
**【无缝管】** 12日全国无缝管市场主流售价，成交一般。全国33个城市108*4.5的无缝管平均售价为4251元/吨，较前一交易日持平，较上周同期降21元/吨。原料方面，今日管坯市场售价平稳，个别市场有10元/吨左右的上涨，连铸管坯出厂售价约3150-3300元/吨左右，热轧坯市场售价3200元/吨左右。管厂方面，山东无缝管出厂售价平稳，山东一道次冷拔管出厂4580元/吨，热轧管出厂3980元/吨，聊城厚壁管出厂3800-3850元/吨。市场方面，今日期螺盘面震荡小幅下行。整体成交偏弱，市场进入高供应低需求阶段，若无大规模需求释放或政策刺激，市场难改疲态。现货市场观望情绪浓厚，下游订单零星采购，询单量不高，市场心态不佳。综合来看，预计明日国内无缝管价格疲软下行可能性仍大。**（李卫卫：手机与微信同号 13366262119）**
**【不锈钢】** 12日不锈钢现货价格持稳。无锡市场方面：304冷轧太钢报价为13450元/吨，较前一交易日持稳；宏旺资源报价为12800元/吨，较前一交易日持稳；304热轧报价为12350元/吨，较前一交易日持稳。200系方面: 今日冷热轧价格主稳运行，目前J1四尺冷轧资源锡佛主流报至毛边7100-7500元/吨，J2J5资源走至毛边6650-6800元/吨。综合而言，今日市场多数资源价格暂稳观望，期货盘面震荡飘红，市场出货偏慢，预计近期市场将趋低调整。**（张立磊：手机与微信同号 13663250926）**
—-**原料市场** -—
**【进口矿】** 12日黑色系铁矿石期货震荡偏弱调整运行，09铁矿终收704元/吨跌0.21%成交量34.71万日减仓1.25万手；全天成交价格环比小幅下降1-3元/吨。唐山地区价格：PB粉738元/吨，金布巴粉683元/吨；天津地区成交价格：麦克粉712元/吨；山东地区成交价格：PB粉724元/吨，金布巴粉667元/吨。进口矿现货市场稳中偏弱运行。今日盘面小幅震荡偏弱，贸易商出货为主，市场活跃度积极性一般，钢厂买盘相对不积极。宏观面情绪面相对平静后，铁矿石基本面方面，发运环比回升，需求端，铁水产量连续四周小幅下降，基本面供需逐步或宽松，市场预期一般。后期市场仍要关注宏观面消息扰动情况以及下游需求情况如何。综合来看，预计短期内铁矿石市场或震荡波动运行为主。**（乔红敏：手机与微信同号 15133921263）**
**【焦炭】** 12日国内焦炭市场弱势持稳。山西地区主流准一级湿熄焦出厂1030-1080元/吨，准一级干熄焦价格1245-1315元/吨。目前焦企利润空间持续压缩，部分亏损焦企有小幅减产，多数保持正常生产状态，产量维稳；焦企出货滞缓，库存积压明显，焦炭供应趋于宽松。当前钢厂利润萎缩，对焦炭仍有控价，且多数企业原料库存处于合理偏高水平，实际采购较为低迷。综合来看，焦炭供需格局弱势，焦炭价格仍有好转，或仍将有下跌风险。仍需关注钢厂生产、焦煤价格走势、焦炭供需情况、焦钢利润等对焦炭市场的影响。**（刘凤霞：手机与微信同号 15010177915）**
**【钢坯** 】12日国内钢坯市价小幅调整运行，成交较昨偏弱，市场观望气氛增加。今黑色期货盘面震荡低走，市场活跃度降低，观望局面有所增加，各品种成交有限，受此影响，市价逐步回落调整运行。截止发稿时，唐山降30元/吨至2890-2900元/吨，江阴降20元/吨至2950元/润。当前多空继续博弈运行，大宗商品市场维持窄幅震荡调整走势，受传统需求淡季预期影响，市场参与者信心依旧不足，但底部尚存一定抗跌性，故厂商继续维持谨慎偏悲观心态。综合预计近期市价或呈现小幅震荡的运行态势，市场整体维持弱平衡状态。**（邱磊：手机与微信同号 13582548705）**
**【废钢** 】12日废钢市场延续震荡调整运行。其中华东地区钢厂多持稳运行；华北地区部分钢厂小幅上调采废价格，涨幅在10-30元/吨之间；华南地区部分钢厂小幅下调，跌幅在10-20元/吨。目前华东地区市场重废不含税1890-2100元/吨。近日市场心态整体较为谨慎，基地多维持快进快出操作来规避风险。钢厂方面也多维持低库存操作，对废钢需求整体一般。今期货下挫，带动钢坯价格小幅回调，部分钢厂顺势打压采废价格。预计短期废钢市场窄幅震荡偏弱运行。（**史李阳：手机与微信同号****18801009067** ）
【免责声明】以上文章转载自互联网，转载目的在于传递更多信息，并不代表本网赞同其观点和对其真实性负责；如稿件版权单位或个人不愿在本网发布，请在两周内来电或来函与本网联系。
","# 2025年6月钢铁市场动态与趋势分析简报

## 1. 核心洞察摘要
- **宏观政策分化加剧**：美国PPI温和增长（5月同比2.6%）与欧洲央行降息预期形成对比，中国则通过稀土出口管制（商务部）和区域金融改革（央行福建12条）实施精准调控，全球钢铁市场政策环境日趋复杂
- **产业链矛盾显性化**：上游原料（铁矿704元/吨、焦炭1030-1080元/吨）与下游钢材（螺纹3246元/吨、热卷3214元/吨）价格同步走弱，钢厂利润空间被双向挤压，行业进入""高成本-低需求""的艰难平衡期
- **技术突破带来新机遇**：攀钢高氮无磁钢（氮含量0.7%）全流程工艺突破，为特种钢材应用领域（如电力、医疗设备）开辟新赛道，可能改变高端钢材进口依赖格局

## 2. 关键数据与事实挖掘

### 宏观经济指标
| 指标 | 数值 | 变化 | 影响 |
|------|------|------|------|
| 美国5月PPI | 同比2.6% | +0.2ppt | 美联储政策空间受限 |
| 美国核心PPI | 同比3% | -0.1ppt | 通胀压力略有缓解 |
| 中国逆回购操作 | 1193亿元 | 利率1.4% | 维持流动性合理充裕 |

### 钢铁市场关键数据
**价格表现（6月12日）**
- 螺纹钢：3246元/吨（↑2）
- 热轧卷板：3214元/吨（↓6）
- 冷轧板：3864元/吨（↓5）
- 无取向硅钢：4750元/吨（持平）
- 钢坯：2890-2900元/吨（↓30）

**供需指标**
- 建筑工地资金到位率：59.03%（↓0.1ppt）
- 房建项目资金到位率：49.19%（两个月低位）
- 铁矿石港口库存：1.25亿吨（周环比+1.8%）

**国际贸易**
- 俄罗斯对土耳其黑色金属出口：2.536亿美元（4月单月，环比+23.4%）
- 主要品类占比：钢铁半成品42%、生铁29%、废料8%

*(来源: [6.13中联钢联合钢铁网日报](https://www.custeel.com/shouye/common/viewArticle.jsp?group=&cat=&articleID=7988842))*

## 3. 深层因果关系分析

### 宏观与政策层面
- **货币政策分化效应**：欧洲央行降息预期（管委Simkus表态）与中国维持中性货币政策形成对比，导致欧元计价原料进口成本可能下降，而人民币计价产品出口竞争力承压
- **产业政策精准发力**：福建两岸融合12条措施中""支持跨境贸易高水平开放试点""（第2条）将促进东南沿海钢材进出口，但稀土出口管制（商务部）可能推高特种合金生产成本
- **房地产刺激政策滞后效应**：广西""房票""安置+公积金新政（可支付首付并贷款）与房建资金到位率持续走低（49.19%）形成矛盾，反映政策传导存在3-6个月时滞

### 产业链联动分析
**上游传导阻滞**
- 铁矿(704元/吨)与焦炭(1030元/吨)价格虽处低位，但钢厂利润仍被压缩，主因：
  - 成材库存周转天数延长（热轧库存周环比+1.2%）
  - 财务成本高企（6个月期商票贴现率维持4.2%以上）

**下游需求分化**
- 建筑钢材（螺纹钢）受房建拖累明显（资金到位率↓0.66%），但基建项目（资金到位率61%）形成托底
- 冷轧板(3864元/吨)表现强于热轧，反映汽车（工信部""60天账期""政策）和家电需求相对稳健

### 市场异常现象解读
**矛盾点**：热轧期货(3080元)较现货(3214元)贴水4.2%，但冷轧期货溢价1.5%
- **深层原因**：
  1. 热轧产能过剩明显（本周产量降但库存增）
  2. 冷轧库存压力较小（周环比+0.3%）
  3. 汽车板需求预期改善（工信部引导供应链协作）

## 4. 趋势预测与风险评估

### 短期（1-3个月）展望
- **价格走势**：螺纹钢→震荡下行（目标3100-3150）；热轧→区间波动（3150-3250）；特种钢（如高氮无磁钢）溢价扩大
- **关键驱动**：
  - 负面：房建持续低迷+雨季施工放缓
  - 正面：基建专项债加速投放+汽车促销政策

### 中期（3-6个月）情景分析
| 情景 | 概率 | 触发条件 | 钢价波动区间 |
|------|------|----------|--------------|
| 基准情景 | 60% | 政策温和刺激 | ±5%窄幅震荡 |
| 乐观情景 | 25% | 房地产销售回暖 | +8-12%反弹 |
| 悲观情景 | 15% | 全球衰退加剧 | -10-15%下跌 |

**核心风险预警**
1. 俄罗斯黑色金属出口激增（4月对土出口+150%）可能冲击亚洲市场
2. 汽车行业""60天账期""承诺执行不力导致供应链紧张
3. 攀钢高氮钢技术扩散引发特种钢价格战

*(预测假设：美联储年内降息≤50bps，中国GDP增速维持5%左右)*

## 5. 战略性建议（钢铁冶金EPC工程总承包设计院）

### 市场机会聚焦
1. **高端材料工程化**：
   - 重点开发高氮钢（攀钢技术突破）连续铸造-热轧一体化生产线设计
   - 跟踪俄罗斯对土出口品类变化（半成品占比42%），布局短流程钢厂改造项目

2. **区域政策红利**：
   - 福建""两岸融合""12条→关注厦门跨境贸易试点相关保税加工设施建设
   - 广西存量房收购（2.5万套目标）→配套钢结构住宅标准化设计

### 技术方案升级
- **成本优化型设计**：
  - 集成低品位铁矿（<58%）烧结方案，应对原料成本压力
  - 开发焦炭-废钢（1890-2100元/吨）混合冶炼工艺包

- **低碳转型**：
  - 针对欧盟碳边境税（CBAM），储备氢基直接还原铁（DRI）工程方案
  - 推广钢渣微粉建材化利用系统设计（契合广西""好房子""政策）

### 风险管控措施
1. **客户筛选标准**：
   - 优先选择资金到位率>60%的基建类项目（如福建/广西）
   - 规避单一房开商项目（资金到位率<50%）

2. **合同条款优化**：
   - 增加铁矿(704元)价格联动条款，锁定EPC利润率
   - 对汽车厂项目要求""60天账期""履约保证金

3. **技术储备方向**：
   - 模块化小型电弧炉设计（应对分散化废钢回收趋势）
   - 开发""钢-铝-复合材料""混合结构计算软件（适应汽车轻量化需求）

*(实施路径建议：2025Q3完成高氮钢生产线标准图集编制，2026Q1前建成2个示范工程)*"
6.12中联钢联合钢铁网日报,https://www.custeel.com/shouye/common/viewArticle.jsp?group=&cat=&articleID=7987545,"——---**财经****新闻** ---——
**【国际****新****闻】**
**1、美国****5月未季调CPI年率 2.4%，预期2.50%，前值2.30%；月率 0.1%，预期0.20%，前值0.20%。美国5月未季调核心CPI年率 2.8%，预期2.90%，前值2.80%；月率 0.1%，预期0.30%，前值0.20%。**
**【国内****新****闻】**
**1、** 当地时间6月9日至10日，**中美经贸磋商机制首次会议** 在英国伦敦举行。中美双方进行了坦诚、深入的对话，就各自关心的经贸议题深入交换意见，就落实两国元首6月5日通话重要共识和巩固日内瓦经贸会谈成果的措施框架达成原则一致，就解决彼此经贸关切取得新进展。这是双方通过平等对话解决两国经贸问题迈出的新一步，中美双方都认识到稳定的中美经贸关系对两国经济和全球经济的重要性，会议取得的建设性成果也给世界带来了新的“乐观情绪”。历史和现实都告诉我们，中美合则两利、斗则俱伤。对话和合作是中美唯一正确选择。我们相信，只要双方相向而行，坚持平等互利原则，用好现有磋商机制，以实际行动共护来之不易的对话成果，就一定能推动中美经贸关系行稳致远。
**2、人民银行上海市分行、市生态环境局、市委金融办等九部门** 联合印发《关于发挥国际绿色金融枢纽作用 助力美丽上海建设的通知》，提出要加大重点领域的金融支持力度，鼓励金融机构聚焦“美丽中国先行区”建设，稳步扩大绿色贷款和转型贷款规模；支持本市各区、各产业园区积极开展减污降碳协同创新工作；完善绿色金融产融合作部门协同机制，加强投招贷联动；推动绿色建筑标准与绿色信贷标准有效衔接；探索上海生态环保项目金融支持模式，持续建设上海绿色金融服务平台，完善上海绿色项目库；加大节水领域融资支持力度，支持节水产业发展。
**3、市场监管总局办公厅** 发布关于进一步做好住宅老旧电梯更新有关工作的通知，各地市场监管部门要督促电梯制造单位切实落实生产主体责任，为住宅老旧电梯更新提供质量过硬、价格合理、售后优质的电梯产品。一要严格选型配置。二要合理节约利旧。三要强化质量保障。更新电梯在质量保证期限内存在质量问题的，电梯制造单位应当负责免费修理或者免费更换。鼓励电梯生产单位提供整机质保和长期全包维保不低于5年的售后服务。
**4、国家能源局** 在京召开《关于深化提升“获得电力”服务水平 全面打造现代化用电营商环境的意见》政策宣贯会。会议要求，各地能源（电力）主管部门、供电企业要将文件落地落实作为未来五年做好供电服务工作的中心任务，切实以“五化”（基本建成办电便捷化、供电高质化、用电绿色化、服务普惠化、监管协同化的现代化用电营商环境）目标为牵引，推进“三个一批”（打造一批具有较强国际竞争优势的用电营商环境一流城市，建设一批具有引领示范作用的用电营商环境标杆地区，发展一批具有区域影响力的用电营商环境特色城镇和乡村）建设，带动全国“获得电力”服务水平整体提升。要聚焦各方责任落实，统筹做好各项工作部署；聚焦重点领域，扎实推进改革红利释放；聚焦工作创新，务求取得改革实效。会议还就今年迎峰度夏期间做好用电服务保障提出明确要求。
**5、乘联分会：** 6月1-8日，全国乘用车市场零售34.3万辆，同比去年6月同期增长19%，较上月同期下降12%，今年以来累计零售915.9万辆，同比增长10%；6月1-8日，全国乘用车厂商批发31.1万辆，同比去年6月同期增长10%，较上月同期下降2%，今年以来累计批发1,110万辆，同比增长12%。6月1-8日，全国乘用车新能源市场零售20.2万辆，同比去年6月同期增长40%，较上月同期增长4%，新能源市场零售渗透率58.8%，今年以来累计零售455.9万辆，同比增长34%；6月1-8日，全国乘用车厂商新能源批发16.6万辆，同比去年6月同期增长5%，较上月同期下降6%，新能源厂商批发渗透率53.5%，今年以来累计批发537.3万辆，同比增长39%。
**6、从中国汽车工业协会** 获悉，最新数据显示，今年前5个月，汽车产销量同比增长均超10%。当前，我国汽车行业整体运行呈现稳中向好态势。数据显示，1至5月份，汽车产销量分别完成1282.6万辆和1274.8万辆，同比分别增长12.7%和10.9%。其中，新能源汽车产销量分别完成569.9万辆和560.8万辆，同比分别增长45.2%和44%，新能源汽车新车销量达到汽车新车总销量的44%。在出口方面，1至5月，汽车出口249万辆，同比增长7.9%。其中，新能源汽车出口85.5万辆，同比增长64.6%。
**7、广东省人民政府办公厅** 印发《广东省全域“无废城市”建设工作方案》。其中提出，到2025年，全省各地级以上市全面开展“无废城市”建设，固体废物产生强度持续降低。到2027年，危险废物填埋处置量占比稳中有降，固体废物产生强度明显下降，资源化利用率明显提升。到2035年，全域建成“无废城市”，固体废物产生强度指标、循环利用水平总体居于全国前列。
**8、新疆维吾尔自治区商务厅** 发布公告，2025年自治区商务领域消费品以旧换新补贴资金即将使用完毕。经研究决定，自治区汽车报废更新政策继续实施，汽车置换更新、家电以旧换新、手机平板智能手表（手环）购新、电动自行车以旧换新和家装厨卫“焕新”补贴政策自6月15日24:00起暂停实施。其中，申请汽车置换更新政策补贴的消费者，已于6月15日（含，下同）前购买新车的（以发票开具时间为准），须在7月15日前提交完整准确的申报资料，逾期将不予受理。后续活动开展时间另行通知。
——-**-国内钢铁****新****闻追踪** --——
**敬业营口中板成功开发 6mm极限薄规格NM450高强耐磨钢**
近日，敬业营口中板首次承接的66张薄规格NM450钢板生产任务圆满完成，并顺利供货美洲市场。此次NM450钢板的成功生产，标志着营口中板在超薄高强耐磨钢生产能力上实现了又一新突破‌。
——--**国际钢铁****新****闻追踪** --——
**越南台塑河静钢铁公司将新一轮热卷报价维持平盘**
据最新的报盘信息，越南台塑河静钢铁公司(FHS)将新一轮6/7月份发货的非光整SAE1006热卷的正式报价维持平盘。调价后按照当地货币价格区间维持在13214-13474越南盾/公斤。按照当前的汇率变化且具体按照订购量来看，2万吨及以上的大订单价格为508美元/吨，1-2万吨价格在513美元/吨，5千到1万吨的价格在513美元/吨，2千到5千吨的价格在516美元，低于2千吨的在518美元，交货港口在南部地区的港口。
——--**中国联合钢铁网****每日视点** --——
—-**钢材市场** -—
**【建筑钢材** 】11日建筑钢材市场价格有所反弹，主要城市螺纹钢均价为3244元/吨，较上一个交易日上涨9元/吨。当日主力合约2510收盘价2991元/吨，较前一个交易日上涨20元/吨。较杭州沙钢螺纹市价3300元/吨升水321元。今日中美经贸磋商机制首次会议进入第二天，黑色系整体风险偏好尚可，螺纹期货盘中刷新近2周高位，尾盘有所回落。现河钢小螺纹3280元/吨，大螺纹3160元/吨，盘螺3380元/吨，成交一般。今天期螺小幅上涨，现货市场情绪平稳，高考结束，施工影响消除，整体成交一般。今日唐山迁安松汀钢坯报2930元/吨，上调20元/吨。中美谈判结果尚未公布，市场仍有预期支撑，商家心态短期保持谨慎乐观，预计明日市场价格有所上涨。**（****诸葛毅：手机与微信同号 17710186340）**
**【热轧卷板】** 11日热轧现货价格总体小幅上涨。全国主要城市均价3220元/吨较10日涨7元周环比涨12元，上海3180-3200元/吨较10日稳较上周同期稳，乐从3220-3240元/吨较10日涨10元较上周同期涨20元。天津3130-3150元/吨较10日涨10较上周同期涨10元。燕钢招标价今天较前一工作日价格涨10元。今天钢坯报价2920-2940元/吨较10日涨20元。热轧期货区间震荡上涨，收盘3108元较前一工作日涨19元涨幅0.62%。今日钢材成交整体一般，市场低价采购情绪较好，现货跟涨后成交明显转弱，市场投机意愿依然偏弱。受关税二轮谈判进展顺利的消息带动期货价格的上涨，终端需求淡季的背景下，终端需求持续走弱，煤价持续下跌成本支撑继续走弱，供应端处于高位，短期价格仍将总体偏弱运行。**（史文飞：手机与微信同号 13701002840）**
**【冷轧卷板】** 11日全国主要城市冷轧板均价为3869元/吨，较上工作日涨1元/吨，较上周同期跌6元/吨。其中，上海地区市场价格鞍钢1.0冷卷3580元/吨，稳；天津天铁1.0冷卷3530元/吨，稳；乐从柳钢1.0冷卷3650元/吨，涨10元/吨。期货盘面震荡走高，冷轧现货市场价格稳中个涨，终端采购多进行低价刚需补库，市场成交表现好于上一工作日，多地市场价格持稳出货为主。随期货波动影响，需求端阶段性释放，表示当前价格处于较低水平，库存压力暂不明显，商家持谨慎心态，价格操作空间相对有限。预计短期冷轧窄幅震荡运行。**（王晓娇：手机与微信同号 15200017833）**
**【硅钢****】** 11日无取向硅钢均价4750元/吨，较昨日持稳，较上月同期下调300元/吨；取向硅钢均价13000元/吨，较昨日持稳，较上月同期下调100元/吨。今日硅钢市场价格继续稳中偏弱运行。早盘期螺震荡趋强，厂商观望为主，主流钢厂指导价格持稳运行，现货市场价格平稳。成交方面，市场交易氛围较比昨日略有好转，低价成交尚可，成交量小幅放量。所以预计短期内国内无取向硅钢市场或将稳中偏弱运行为主。**（****常波：手机与微信同号 13661363643****）**
**【不锈钢】** 11日不锈钢现货价格趋低运行。无锡市场方面：304冷轧太钢报价为13450元/吨，较前一交易日降100元/吨；宏旺资源报价为12800元/吨，较前一交易日降100元/吨；304热轧报价为12350元/吨，较前一交易日降50元/吨。200系方面: 今日冷热轧价格小幅趋低，目前J1四尺冷轧资源锡佛主流报至毛边7100-7500元/吨，J2J5资源走至毛边6650-6800元/吨。综合而言，今日市场继续窄幅趋低运行，期货盘面震荡，市场出货偏慢，预计近期市场将趋低调整。**（张立磊：手机与微信同号 13663250926）**
—-**原料市场** -—
**【进口矿】** 11日黑色系铁矿石期货震荡偏强运行，09铁矿终收707元/吨涨1%成交量34.71万日增仓8129手；全天成交价格环比小幅上涨5-7元/吨。唐山地区价格：PB粉740/735元/吨，纽曼粉712元/吨，混合粉664/665元/吨；山东地区成交价格：PB粉725元/吨，乌精793元/吨，卡粉817元/吨。进口矿现货市场偏强运行。今日盘面小幅震荡偏强，贸易商出货为主，市场买盘积极性不高，现货成交活跃度体感仍一般。当前市场波动主要受宏观情绪而影响，而基本面方面，淡季下，成材需求力度一般，铁矿自身基本面有转弱预期，市场博弈增加。后期市场仍要关注宏观面消息扰动情况以及下游需求情况如何。综合来看，预计短期内铁矿石市场或震荡波动运行为主。**（乔红敏：手机与微信同号 15133921263）**
**【焦炭】** 11日国内焦炭市场弱势持稳。山西地区主流准一级湿熄焦出厂1100-1150元/吨，准一级干熄焦价格1320-1390元/吨。焦价经过三轮降价后，焦企利润空间持续压缩，部分亏损焦企有小幅减产，多数保持正常生产状态。当前钢厂盈利能力尚可，但多数企业原料库存处于合理偏高水平。在市场""买涨不买跌""心态主导下，钢厂普遍采取控量采购策略，维持按需补库节奏。综合来看，焦炭供需趋于宽松，焦炭价格弱势为主。具体走势仍需关注钢厂生产、原料煤价格走势、宏观政策、运输情况、焦炭库存变化、焦炭供需情况、焦钢利润等对焦炭市场的影响。**（刘凤霞：手机与微信同号 15010177915）**
**【钢坯** 】11日国内钢坯市价稳中小涨，幅度10-20元/吨，成交表现一般。今黑色期货盘面持红高走，市场活跃度增加，成交渐显放量，厂商心态有所提振，市价稳中有涨运行。截止发稿时，唐山报2920-2930元/吨，江阴报2970元/吨。从目前情况来看，中美谈判释放一些信号，给予金融市场一定提振，带动市价小幅反弹运行；然淡季预期尚存，整体需求压力不变，对于后市厂商尚维持谨慎偏悲观心态，因此综合来看，预计近期市场或冲高回落运行。**（邱磊：手机与微信同号 13582548705）**
**【废钢** 】11日废钢市场震荡调整运行。其中华东地区多数钢厂价格保持稳定，少数钢厂小幅上调废钢采购价格，涨幅在20-30元/吨之间；华北地区部分钢厂涨跌互现，涨多跌少，调整幅度在10-20元/吨之间。目前华东地区市场重废不含税1890-2100元/吨。近日受宏观利好消息影响，黑色系期货小幅反弹，成品材及钢坯现货价格随之上行，提振市场信心。目前废钢市场供给资源偏紧，对价格有一定支撑。但废钢性价比不高，钢厂多维持按需采废。预计短期废钢市场小幅震荡运行。（**史李阳：手机与微信同号****18801009067** ）
【免责声明】以上文章转载自互联网，转载目的在于传递更多信息，并不代表本网赞同其观点和对其真实性负责；如稿件版权单位或个人不愿在本网发布，请在两周内来电或来函与本网联系。
","# 2024年6月钢铁市场日报深度分析：中美经贸缓和与淡季需求博弈下的价格走势

## 1. 核心洞察摘要
- **中美经贸缓和释放积极信号**：中美经贸磋商机制首次会议取得原则性一致，市场风险偏好提升，短期支撑黑色系期货价格反弹（来源：[6.12中联钢联合钢铁网日报](https://www.custeel.com/shouye/common/viewArticle.jsp?group=&cat;&articleID=7987545)）
- **淡季需求疲软与高供应矛盾凸显**：6月前8日乘用车零售同比增19%但环比降12%，热轧现货跟涨后成交转弱，显示终端需求持续走弱背景下，价格反弹缺乏持续性支撑
- **原料成本支撑持续弱化**：焦炭三轮降价后焦企亏损减产，铁矿基本面转弱预期增强，钢企利润空间修复但采购仍谨慎，产业链利润再分配趋势明显

## 2. 关键数据与事实挖掘

### 宏观经济与政策
| 指标 | 数据/事件 | 影响方向 |
|------|----------|----------|
| 美国5月CPI | 未季调年率2.4%（预期2.5%） | 美联储降息预期升温→美元走弱→大宗商品支撑 |
| 中美经贸磋商 | 就措施框架达成原则一致 | 改善市场风险偏好→黑色系期货反弹 |
| 上海绿色金融政策 | 九部门联合发文扩大绿色贷款规模 | 利好钢铁行业低碳转型项目融资 |

### 钢铁产业链关键数据
**钢材市场**（6月11日）：
- 螺纹钢均价3244元/吨（↑9），期现基差321元
- 热轧均价3220元/吨（↑7），上海3180-3200元（稳）
- 冷轧均价3869元/吨（↑1），无锡304冷轧降100至12800元/吨

**原料市场**：
- 铁矿石：唐山PB粉740元/吨（↑5-7），09合约收707元（↑1%）
- 焦炭：山西准一级湿熄焦1100-1150元/吨（三轮降价后持稳）
- 废钢：华东重废1890-2100元/吨（部分钢厂↑20-30）

**终端需求**：
- 乘用车：6月1-8日零售34.3万辆（同比+19%，环比-12%）
- 新能源车：零售20.2万辆（同比+40%），渗透率58.8%
- 前5月汽车出口249万辆（+7.9%），新能源出口85.5万辆（+64.6%）

## 3. 深层因果关系分析

### 宏观与政策传导机制
- **美国CPI低于预期**→美联储政策转向预期→美元指数承压→铁矿石进口成本边际下降（但需注意越南台塑河静热卷报价维持平盘显示亚洲市场观望情绪）
- **中美经贸缓和**通过两条路径影响市场：
  1. 直接改善钢材出口预期（特别是高附加值产品如敬业生产的6mm NM450耐磨钢）
  2. 间接提振基建投资信心（但需关注广东省""无废城市""建设对传统建筑钢材需求的长期结构性影响）

### 产业链矛盾解析
- **热轧市场反常现象**：期货上涨但现货成交转弱，反映：
  - 贸易商利用期现套利锁定利润（燕钢招标价仅↑10元）
  - 终端用户""买涨不买跌""心理失效，表明深加工企业库存策略转向JIT模式
- **硅钢与不锈钢分化**：无取向硅钢均价月降300元，而304冷轧月降幅更大，显示：
  - 新能源电机需求增速放缓（硅钢）
  - 印尼镍铁回流压制不锈钢成本支撑（304冷轧）

### 区域市场差异
- **新疆补贴政策调整**：6月15日起暂停汽车置换等补贴，但前5月新能源车出口高增长（+64.6%）表明：
  - 内需刺激政策边际效应递减
  - 海外市场成为消化过剩产能关键渠道（印证越南热卷报价策略的稳定性）

## 4. 趋势预测与风险评估

### 短期（1-3个月）展望
- **上行空间**：螺纹期现基差321元显示期货仍有补涨动力，若中美磋商落实关税调整，热卷出口或增加50-80万吨/月
- **下行风险**：
  - 淡季库存累积速度超预期（当前钢厂减产力度不足）
  - 煤价下跌→焦炭第四轮提降→成本支撑下移（山西焦企已出现亏损）

### 中期（3-6个月）研判
- **结构性机会**：
  - 新能源汽车用钢（高强钢、硅钢）需求维持30%+增速
  - 绿色金融政策推动的钢厂低碳改造项目（上海方案明确转型贷款支持）
- **系统性风险**：
  - 住宅电梯更新政策执行不及预期（冷轧需求支撑减弱）
  - 铁矿供应宽松化（Vale新增产能Q3释放）

> **核心假设**：此预测基于①美联储9月启动降息②中国房地产投资增速维持在-5%至-8%区间③不发生大规模钢厂联合减产

## 5. 战略性建议（钢铁冶金EPC工程总承包设计院）

### 市场机会识别
1. **新能源车用钢产线改造**：
   - 聚焦：高强耐磨钢（如敬业6mm NM450）连续退火线设计
   - 数据支撑：前5月新能源车销量占比44%（来源同前）

2. **绿色低碳项目**：
   - 重点开发：氢基竖炉直接还原铁（H2-DRI）工程包
   - 政策依据：上海绿色金融政策明确支持转型贷款（来源同前）

### 客户项目预判
- **高优先级客户**：
  - 宝武、鞍钢等具备海外布局的集团（出口导向型产能升级）
  - 华南短流程钢厂（广东""无废城市""催生废钢-EAF优化需求）

- **风险客户**：
  - 单一建材生产钢厂（房地产下行+电梯政策落地慢）
  - 未配套自备电厂的西北钢厂（电力营商环境改革增加用电成本）

### 技术方案优化
- **成本敏感型设计**：
  - 推广：铁水一罐到底+智能调度系统（应对铁矿价格波动）
  - 案例：参考台塑河静钢铁的订单分级定价模式（2万吨以上508美元/吨）

- **低碳技术包**：
  - 必须包含：CCUS-ready接口设计（符合上海绿色项目库要求）
  - 标配：能源管理系统（响应""获得电力""五化要求）

### 风险规避策略
1. **合同条款**：
   - 增加原材料价格联动条款（尤其适用于焦炭依赖型项目）
   - 要求业主提供绿色金融政策落地担保（如上海方案中的投招贷联动）

2. **项目组合**：
   - 平衡：短期（6-12个月）以节能改造项目为主
   - 布局：中期（1-3年）氢冶金示范项目前期咨询

3. **现金流管理**：
   - 重点监控：新疆等财政紧张地区的补贴类项目（如电梯更新）
   - 建立：钢材价格-项目回款双周预警机制（参照螺纹期现基差变化）"
