environmental_fact,supply_chain_fact,market_demand_fact,value_profit_fact,title,url,archive_content
"```markdown
# 元数据 (Metadata)
*   **标题:** 6.20中联钢联合钢铁网日报
*   **链接:** https://www.custeel.com/shouye/common/viewArticle.jsp?group=&cat=&articleID=7995625

---

## 政策 (policy)
*   商务部新闻发言人何亚东表示，中方为加入《全面与进步跨太平洋伙伴关系协定》（CPTPP）作好了充分准备。下一步，中方将主动对接CPTPP等国际高标准经贸规则，稳步扩大制度型开放。同时，继续按照有关程序，与各成员开展深入沟通交流，积极推进加入进程。希望CPTPP成员能加快中国加入进程，以实际行动支持多边主义和自由贸易，为全球经贸发展注入更多确定性和动力。
*   商务部新闻发言人何亚东在商务部例行新闻发布会上表示，商务部将会同各地方、有关部门用好上海自贸试验区的试点经验，因地制宜抓好落实，重点推进企业和群众急需的试点举措落地见效，充分释放制度型开放红利。同时，在守住风险底线的前提下，支持自贸试验区充分发挥改革开放综合试验平台作用，以高水平开放推动深层次改革、高质量发展。
*   西安市住房和城乡建设局等多部门联合印发《西安市关于促进房地产市场平稳健康发展的若干措施》。措施提到，实施土地出让金分期缴纳。建设单位在签订土地出让合同后一个月内缴纳土地出让价款50%的项目（剩余价款在一年内缴清），可先行办理国有建设用地使用权预登记、规划、建设等相关手续，支持“拿地即开工”。

## 宏观 (macro)
*   国家发展改革委推荐的润泽科技数据中心项目、万国数据中心项目等2个基础设施REITs获中国证监会批复注册。这2个项目既是数据中心资产类型的首批项目，也是民间投资项目，其成功发行上市，将有利于深化新型基础设施领域投融资机制创新，更好推动数字经济和人工智能产业发展，有利于拓宽民营企业融资渠道，进一步提振民间投资信心。基础设施REITs是盘活存量资产、促进投融资良性循环的重要方式，是吸引社会资本参与、提高项目运营效率的有效手段。截至目前，国家发展改革委已累计向中国证监会推荐92个基础设施REITs项目，其中70个项目已发行上市，发售基金总额达1794亿元，预计可带动新项目投资超1万亿元。下一步，国家发展改革委将进一步加大常态化推荐发行工作力度，积极推动基础设施REITs市场扩围扩容，助力扩大有效投资。
```","```markdown
# 元数据 (Metadata)
*   **标题:** 6.20中联钢联合钢铁网日报
*   **链接:** https://www.custeel.com/shouye/common/viewArticle.jsp?group=&cat;&articleID=7995625

---

## 产量 (production)
*   国家统计局数据显示，22025年5月份，中国钢筋产量为1688.4万吨，同比下降6.0%；1-5月累计产量为8228.3万吨，同比下降1.6%。5月份，中国中厚宽钢带产量为1886.6万吨，同比下降1.3%；1-5月累计产量为9469.4万吨，同比增长4.8%。5月份，中国线材（盘条）产量为1201.6万吨，同比下降1.2%；1-5月累计产量为5619.3万吨，同比增长2.3%。5月份，中国铁矿石原矿产量为8578.7万吨，同比下降3.6%；1-5月累计产量为41432.0万吨，同比下降10.1%。
*   国家统计局数据显示，2025年5月，中国原煤产量为40328.4万吨，同比增长4.2%；1-5月累计产量为198537.2万吨，同比增长6.0%。从分省数据来看，1-5月山西、内蒙古和陕西原煤产量累计同比分别增长13.6%、0.9%和3.1%。5月份，中国焦炭产量为4237.6万吨，同比增长2.4%；1-5月累计产量20722.7万吨，同比增长3.3%。
*   国家统计局最新数据显示，2025年5月，我国挖掘机产量25845台，同比增长11.1%。2025年1-5月，我国挖掘机产量140575台，同比增长13.9%。拖拉机方面，2025年5月，我国大中小型拖拉机产量分别为7165台、17451台、1.1万台，同比分别下降32.8%、下降13.3%、下降8.3%。2025年1-5月，大中小型拖拉机产量分别为58725台、121414台、5.4万台，同比分别下降2.4%、下降8.0%、下降18.2%。总体来看，2025年1-5月，我国主要机械设备产量表现不一。其中，挖掘机、金属切削机床、金属成形机床产量增长最明显，同比分别增长13.9%、13.3%、11.3%；小型拖拉机产量下降明显，同比下降18.2%。
*   国家统计局数据显示，2025年5月中国氧化铝产量748.8万吨，同比增长5.0%；1-5月累计产量3740.1万吨，同比增长9.5%。5月电解铝产量382.8万吨，同比增长5.0%；1-5月累计产量1859.0万吨，同比增长4.0%。5月铝材产量576.2万吨，同比增长0.4%；1-5月累计产量2683.1万吨，同比增长0.6%。5月铝合金产量164.5万吨，同比增长16.7%；1-5月累计产量740.5吨，同比增长15.2%。
*   印度国有钢铁企业Rashtriya Ispat Nigam Limited（简称RINL）计划于6月底前重启其第三座高炉，标志着该公司在经历上一年度严重财务危机后的复兴计划进入关键阶段。目前，RINL运营的两座高炉合计具备年产500万吨粗钢的能力。随着第三座高炉重新投产，其年产能将再增加250万吨，总产能有望提升至750万吨。

## 进出口 (import_export)
*   据中国汽车工业协会分析，5月，汽车和乘用车出口环比同比双增，商用车出口环比同比双降。2025年5月，汽车出口55.1万辆，环比增长6.6%，同比增长14.5%。 2025年1-5月，汽车出口249万辆，同比增长7.9%。2025年5月，乘用车出口46.8万辆，环比增长8.5%，同比增长17.7%。 2025年1-5月，乘用车出口207.9万辆，同比增长7.4%。2025年5月，商用车出口8.3万辆，环比下降2.8%，同比下降0.5%。2025年1-5月，商用车出口41.1万辆，同比增长10.5%。2025年5月，传统燃料汽车出口33.9万辆，环比增长7%，同比下降11.5%。2025年1-5月，传统燃料汽车出口163.5万辆，同比下降8.6%。2025年5月，新能源汽车出口21.2万辆，环比增长6.1%，同比增长1.2倍。2025年1-5月，新能源汽车出口85.5万辆，同比增长64.6%。
```","```markdown
# 元数据 (Metadata)
*   **标题:** 6.20中联钢联合钢铁网日报
*   **链接:** https://www.custeel.com/shouye/common/viewArticle.jsp?group=&cat;&articleID=7995625

---

## 市场情绪 (market_sentiment)
*   近期国内部分地区出现了暴雨和大风天气，内蒙古、东北、华北东部和南部、黄淮西部和北部、江汉、西南地区东部等地的部分地区有8级以上雷暴大风或冰雹天气。其中，内蒙古、河北东部、天津北部、山东北部等地的部分地区有雷暴大风，最大风力可达11级以上。在基本面持续疲软，政策预期不强的背景下，此次强降雨和大风天气很有可能影响下游工地开工，使螺纹钢价格继续下跌。预计明日市场小幅下跌。
*   热轧期货高开低走震荡收红，收盘3103元较前一工作日涨1元涨幅0.03%。今日钢材现货成交整体一般偏弱，价格基本持稳，部分地区持续收基差，华东热卷也陆续出现缺规格现象，部分规格溢价较高。淡季行情延续，市场情绪谨慎，目前行情缺少明显方向，短期价格仍将以区间小幅震荡为主。
*   期货盘面区间震荡，市场投机意愿减弱，冷轧现货市场价格稳中有跌，终端采购多按刚需补库，总体成交量表现一般偏弱，部分商家进行优惠议价出货为主。目前来看，受期货波动影响，直接影响需求端采买情绪；而伴随生产淡季影响，考虑到需求节奏放慢，本周冷轧社库周比微降（区域间库存在差异），部分地区商家有议价出货促成交情况，多数商家持谨慎心态，价格操作空间相对有限。预计短期冷轧窄幅震荡运行。
*   今日硅钢市场价格继续稳中偏弱运行。期螺震荡运行为主，商家情绪一般，市场交投氛围略弱于昨日。华东市场无取向硅钢现货市场延续昨日，商家多反馈淡季特征显现，需求萎缩明显，询单较少，成交以刚需为主。综合来看，当前行情无有力因素驱动行情，商户多对后市持谨慎心态，但国际局势利好大宗，原料端有支撑，短期不具备大幅跌价条件。所以预计短期内国内无取向硅钢市场或将稳中偏弱运行为主。
*   19日全国无缝管市场主流售价平稳，成交一般。管厂售价下行，接单情况一般，管厂原料库存呈现小幅下降趋势。供应方面：管厂供应基本维持现状，厂库呈现继续增加态势。管厂订单情况表现一般，部分企业有暗降出货操作。市场方面：全国无缝管主流售价平稳，临沂、聊城等聚集地市场成交价格有所松动，市场整体交投氛围不佳。综上所述，预计今日全国无缝管价格或延续震荡偏弱运行。
*   19日不锈钢现货价格窄幅调整。综合而言，今日市场多数资源价格窄幅调整，期现货市场行情不佳，各方商家议价销售，预计近期市场将持续趋低调整。
*   进口矿现货市场稳中波动运行。今日盘面小幅减仓，整体仍震荡为主，贸易商出货心态依然较强，钢厂刚需采购为主，但现货活跃度一般。目前成材方面，产量增加，库存仍下降，符合季节性特征，矛盾并未明显积累，另外原料端铁矿石在铁水支撑下下降或缓慢。后期关注宏观面消息以及下游成材需求情况如何。综合来看，预计短期内铁矿石市场或震荡波动运行为主。
*   19日国内焦炭市场弱势持稳。焦企利润不佳，焦化厂整体生产积极性不高；部分地区受环保影响，焦企开工有所下滑，产量略有收窄，焦企库存小幅下降。由于下游采购意愿低迷，部分焦企仍面临出货压力，焦炭供应仍相对宽松。钢价仍表现弱势，钢厂到货良好，厂内焦炭库存普遍处于中高位水平。市场对后市预期偏悲观，钢厂采购积极性偏弱。综合来看，目前钢厂焦炭库存稳中偏高，实际采购需求低迷，在供需格局偏宽松的情况下，焦价维持弱势持稳为主。后期继续关注钢厂生产、焦煤价格走势、焦炭供需情况、焦钢利润等对焦炭市场的影响。
*   19日国内钢坯市价稳中个调，成交表现一般，市场维持谨慎观望气氛。当前市场刺激消息释放有限，市场维持多空博弈态势。供需基本面表现依旧疲软，终端采购积极性不足，市场观望氛围浓厚。综合来看，预计短期内市场将延续小幅盘整走势，市场心态仍以观望为主。
*   19日废钢市场延续震荡调整运行，部分钢厂涨跌互现。近期随着终端用钢需求淡季的到来，成品材成交一般，钢厂生产积极性受到一定影响。再加上废钢价格相较铁水不占优势，钢厂用废意愿不强，多维持按需采购，抑制废钢上涨空间。不过受高温多雨天气的影响，废钢市场供给资源季节性收紧，对价格有一定支撑。预计短期废钢市场涨跌两难，或小幅震荡运行。
```","```markdown
# 元数据 (Metadata)
*   **标题:** 6.20中联钢联合钢铁网日报
*   **链接:** https://www.custeel.com/shouye/common/viewArticle.jsp?group=&cat=&articleID=7995625

---

## 价格 (price)
*   19日建筑钢材市场价格略有下跌，主要城市螺纹钢均价为3234元/吨，较上一个交易日下跌2元/吨。当日主力合约2510收盘价2986元/吨，较前一个交易日上涨4元/吨。较杭州沙钢螺纹市价3330元/吨升水345元。今日市场价格变化仍然不大。部分地区市场价格略降10元/吨。
*   19日热轧现货价格总体小幅下跌。全国主要城市均价3201元/吨较18日跌3元周环比跌12元，上海3180-3200元/吨较18日跌10元较上周同期涨10元。乐从3170-3180元/吨较18日跌10元较上周同期跌30元。天津3110-3130元/吨较18日跌10元较上周同期跌20元。燕钢招标价今天较前一工作日价格跌10元。今天钢坯报价2910-2920元/吨较18日稳。
*   19日全国主要城市冷轧板均价为3841元/吨，较上工作日跌3元/吨，较上周同期跌23元/吨。其中，上海地区市场价格鞍钢1.0冷卷3530元/吨，跌10元/吨；天津天铁1.0冷卷3520元/吨，跌10元/吨；乐从柳钢1.0冷卷3620元/吨，稳。
*   19日无取向硅钢均价4750元/吨，较昨日持稳，较上月同期下调300元/吨；取向硅钢均价13000元/吨，较昨日持稳，较上月同期下调100元/吨。
*   19日全国无缝管市场主流售价平稳，成交一般。全国33个城市108*4.5的无缝管平均售价为4246元/吨，较前一交易日降2元/吨，较上周同期降5元/吨。
*   19日不锈钢现货价格窄幅调整。无锡市场方面：304冷轧太钢报价为13350元/吨，较前一交易日持稳；宏旺资源报价为12700元/吨，较前一交易日持稳；304热轧报价为12200元/吨，较前一交易日持稳。200系方面: 今日冷热轧价格趋低运行，目前J1四尺冷轧资源锡佛主流报至毛边7000-7350元/吨，J2J5资源走至毛边6550-6650元/吨。

## 成本 (cost)
*   19日黑色系铁矿石期货震荡波动运行，09铁矿终收698元/吨涨0.43%成交量39.21万日减仓6843手；全天成交价格环比变化不大。唐山地区价格：PB粉716元/吨，麦克粉685元/吨；天津地区成交价格：金布巴粉665元/吨；山东地区成交价格：PB粉708元/吨，乌精773元/吨。
*   19日国内焦炭市场弱势持稳。山西地区主流准一级湿熄焦出厂1030-1080元/吨，准一级干熄焦价格1245-1315元/吨。
*   19日国内钢坯市价稳中个调，成交表现一般，市场维持谨慎观望气氛。今黑色期货盘面维持小幅波动态势，市场活跃度有限，成交氛围不温不火，整体谨慎观望情绪浓厚，市场价格多以稳报为主。截止发稿，唐山报2910-2920元/吨，江阴报2940元/吨。
*   19日废钢市场延续震荡调整运行，部分钢厂涨跌互现。其中华东地区钢厂多持稳收货；华北和中西南地区部分钢厂涨跌互现，跌多涨少，调整幅度多在10-20元/吨之间。目前华东地区市场重废不含税1890-2100元/吨。
```",6.20中联钢联合钢铁网日报,https://www.custeel.com/shouye/common/viewArticle.jsp?group=&cat=&articleID=7995625,"```markdown
# 元数据 (Metadata)
*   **标题:** 6.20中联钢联合钢铁网日报
*   **链接:** https://www.custeel.com/shouye/common/viewArticle.jsp?group=&cat=&articleID=7995625

---

## 政策 (policy)
*   商务部新闻发言人何亚东表示，中方为加入《全面与进步跨太平洋伙伴关系协定》（CPTPP）作好了充分准备。下一步，中方将主动对接CPTPP等国际高标准经贸规则，稳步扩大制度型开放。同时，继续按照有关程序，与各成员开展深入沟通交流，积极推进加入进程。希望CPTPP成员能加快中国加入进程，以实际行动支持多边主义和自由贸易，为全球经贸发展注入更多确定性和动力。
*   商务部新闻发言人何亚东在商务部例行新闻发布会上表示，商务部将会同各地方、有关部门用好上海自贸试验区的试点经验，因地制宜抓好落实，重点推进企业和群众急需的试点举措落地见效，充分释放制度型开放红利。同时，在守住风险底线的前提下，支持自贸试验区充分发挥改革开放综合试验平台作用，以高水平开放推动深层次改革、高质量发展。
*   西安市住房和城乡建设局等多部门联合印发《西安市关于促进房地产市场平稳健康发展的若干措施》。措施提到，实施土地出让金分期缴纳。建设单位在签订土地出让合同后一个月内缴纳土地出让价款50%的项目（剩余价款在一年内缴清），可先行办理国有建设用地使用权预登记、规划、建设等相关手续，支持“拿地即开工”。

## 宏观 (macro)
*   国家发展改革委推荐的润泽科技数据中心项目、万国数据中心项目等2个基础设施REITs获中国证监会批复注册。这2个项目既是数据中心资产类型的首批项目，也是民间投资项目，其成功发行上市，将有利于深化新型基础设施领域投融资机制创新，更好推动数字经济和人工智能产业发展，有利于拓宽民营企业融资渠道，进一步提振民间投资信心。基础设施REITs是盘活存量资产、促进投融资良性循环的重要方式，是吸引社会资本参与、提高项目运营效率的有效手段。截至目前，国家发展改革委已累计向中国证监会推荐92个基础设施REITs项目，其中70个项目已发行上市，发售基金总额达1794亿元，预计可带动新项目投资超1万亿元。下一步，国家发展改革委将进一步加大常态化推荐发行工作力度，积极推动基础设施REITs市场扩围扩容，助力扩大有效投资。

## 产量 (production)
*   国家统计局数据显示，22025年5月份，中国钢筋产量为1688.4万吨，同比下降6.0%；1-5月累计产量为8228.3万吨，同比下降1.6%。5月份，中国中厚宽钢带产量为1886.6万吨，同比下降1.3%；1-5月累计产量为9469.4万吨，同比增长4.8%。5月份，中国线材（盘条）产量为1201.6万吨，同比下降1.2%；1-5月累计产量为5619.3万吨，同比增长2.3%。5月份，中国铁矿石原矿产量为8578.7万吨，同比下降3.6%；1-5月累计产量为41432.0万吨，同比下降10.1%。
*   国家统计局数据显示，2025年5月，中国原煤产量为40328.4万吨，同比增长4.2%；1-5月累计产量为198537.2万吨，同比增长6.0%。从分省数据来看，1-5月山西、内蒙古和陕西原煤产量累计同比分别增长13.6%、0.9%和3.1%。5月份，中国焦炭产量为4237.6万吨，同比增长2.4%；1-5月累计产量20722.7万吨，同比增长3.3%。
*   国家统计局最新数据显示，2025年5月，我国挖掘机产量25845台，同比增长11.1%。2025年1-5月，我国挖掘机产量140575台，同比增长13.9%。拖拉机方面，2025年5月，我国大中小型拖拉机产量分别为7165台、17451台、1.1万台，同比分别下降32.8%、下降13.3%、下降8.3%。2025年1-5月，大中小型拖拉机产量分别为58725台、121414台、5.4万台，同比分别下降2.4%、下降8.0%、下降18.2%。总体来看，2025年1-5月，我国主要机械设备产量表现不一。其中，挖掘机、金属切削机床、金属成形机床产量增长最明显，同比分别增长13.9%、13.3%、11.3%；小型拖拉机产量下降明显，同比下降18.2%。
*   国家统计局数据显示，2025年5月中国氧化铝产量748.8万吨，同比增长5.0%；1-5月累计产量3740.1万吨，同比增长9.5%。5月电解铝产量382.8万吨，同比增长5.0%；1-5月累计产量1859.0万吨，同比增长4.0%。5月铝材产量576.2万吨，同比增长0.4%；1-5月累计产量2683.1万吨，同比增长0.6%。5月铝合金产量164.5万吨，同比增长16.7%；1-5月累计产量740.5吨，同比增长15.2%。
*   印度国有钢铁企业Rashtriya Ispat Nigam Limited（简称RINL）计划于6月底前重启其第三座高炉，标志着该公司在经历上一年度严重财务危机后的复兴计划进入关键阶段。目前，RINL运营的两座高炉合计具备年产500万吨粗钢的能力。随着第三座高炉重新投产，其年产能将再增加250万吨，总产能有望提升至750万吨。

## 进出口 (import_export)
*   据中国汽车工业协会分析，5月，汽车和乘用车出口环比同比双增，商用车出口环比同比双降。2025年5月，汽车出口55.1万辆，环比增长6.6%，同比增长14.5%。 2025年1-5月，汽车出口249万辆，同比增长7.9%。2025年5月，乘用车出口46.8万辆，环比增长8.5%，同比增长17.7%。 2025年1-5月，乘用车出口207.9万辆，同比增长7.4%。2025年5月，商用车出口8.3万辆，环比下降2.8%，同比下降0.5%。2025年1-5月，商用车出口41.1万辆，同比增长10.5%。2025年5月，传统燃料汽车出口33.9万辆，环比增长7%，同比下降11.5%。2025年1-5月，传统燃料汽车出口163.5万辆，同比下降8.6%。2025年5月，新能源汽车出口21.2万辆，环比增长6.1%，同比增长1.2倍。2025年1-5月，新能源汽车出口85.5万辆，同比增长64.6%。

## 价格 (price)
*   19日建筑钢材市场价格略有下跌，主要城市螺纹钢均价为3234元/吨，较上一个交易日下跌2元/吨。当日主力合约2510收盘价2986元/吨，较前一个交易日上涨4元/吨。较杭州沙钢螺纹市价3330元/吨升水345元。今日市场价格变化仍然不大。部分地区市场价格略降10元/吨。
*   19日热轧现货价格总体小幅下跌。全国主要城市均价3201元/吨较18日跌3元周环比跌12元，上海3180-3200元/吨较18日跌10元较上周同期涨10元。乐从3170-3180元/吨较18日跌10元较上周同期跌30元。天津3110-3130元/吨较18日跌10元较上周同期跌20元。燕钢招标价今天较前一工作日价格跌10元。今天钢坯报价2910-2920元/吨较18日稳。
*   19日全国主要城市冷轧板均价为3841元/吨，较上工作日跌3元/吨，较上周同期跌23元/吨。其中，上海地区市场价格鞍钢1.0冷卷3530元/吨，跌10元/吨；天津天铁1.0冷卷3520元/吨，跌10元/吨；乐从柳钢1.0冷卷3620元/吨，稳。
*   19日无取向硅钢均价4750元/吨，较昨日持稳，较上月同期下调300元/吨；取向硅钢均价13000元/吨，较昨日持稳，较上月同期下调100元/吨。
*   19日全国无缝管市场主流售价平稳，成交一般。全国33个城市108*4.5的无缝管平均售价为4246元/吨，较前一交易日降2元/吨，较上周同期降5元/吨。
*   19日不锈钢现货价格窄幅调整。无锡市场方面：304冷轧太钢报价为13350元/吨，较前一交易日持稳；宏旺资源报价为12700元/吨，较前一交易日持稳；304热轧报价为12200元/吨，较前一交易日持稳。200系方面: 今日冷热轧价格趋低运行，目前J1四尺冷轧资源锡佛主流报至毛边7000-7350元/吨，J2J5资源走至毛边6550-6650元/吨。

## 成本 (cost)
*   19日黑色系铁矿石期货震荡波动运行，09铁矿终收698元/吨涨0.43%成交量39.21万日减仓6843手；全天成交价格环比变化不大。唐山地区价格：PB粉716元/吨，麦克粉685元/吨；天津地区成交价格：金布巴粉665元/吨；山东地区成交价格：PB粉708元/吨，乌精773元/吨。
*   19日国内焦炭市场弱势持稳。山西地区主流准一级湿熄焦出厂1030-1080元/吨，准一级干熄焦价格1245-1315元/吨。
*   19日国内钢坯市价稳中个调，成交表现一般，市场维持谨慎观望气氛。今黑色期货盘面维持小幅波动态势，市场活跃度有限，成交氛围不温不火，整体谨慎观望情绪浓厚，市场价格多以稳报为主。截止发稿，唐山报2910-2920元/吨，江阴报2940元/吨。
*   19日废钢市场延续震荡调整运行，部分钢厂涨跌互现。其中华东地区钢厂多持稳收货；华北和中西南地区部分钢厂涨跌互现，跌多涨少，调整幅度多在10-20元/吨之间。目前华东地区市场重废不含税1890-2100元/吨。

## 市场情绪 (market_sentiment)
*   近期国内部分地区出现了暴雨和大风天气，内蒙古、东北、华北东部和南部、黄淮西部和北部、江汉、西南地区东部等地的部分地区有8级以上雷暴大风或冰雹天气。其中，内蒙古、河北东部、天津北部、山东北部等地的部分地区有雷暴大风，最大风力可达11级以上。在基本面持续疲软，政策预期不强的背景下，此次强降雨和大风天气很有可能影响下游工地开工，使螺纹钢价格继续下跌。预计明日市场小幅下跌。
*   热轧期货高开低走震荡收红，收盘3103元较前一工作日涨1元涨幅0.03%。今日钢材现货成交整体一般偏弱，价格基本持稳，部分地区持续收基差，华东热卷也陆续出现缺规格现象，部分规格溢价较高。淡季行情延续，市场情绪谨慎，目前行情缺少明显方向，短期价格仍将以区间小幅震荡为主。
*   期货盘面区间震荡，市场投机意愿减弱，冷轧现货市场价格稳中有跌，终端采购多按刚需补库，总体成交量表现一般偏弱，部分商家进行优惠议价出货为主。目前来看，受期货波动影响，直接影响需求端采买情绪；而伴随生产淡季影响，考虑到需求节奏放慢，本周冷轧社库周比微降（区域间库存在差异），部分地区商家有议价出货促成交情况，多数商家持谨慎心态，价格操作空间相对有限。预计短期冷轧窄幅震荡运行。
*   今日硅钢市场价格继续稳中偏弱运行。期螺震荡运行为主，商家情绪一般，市场交投氛围略弱于昨日。华东市场无取向硅钢现货市场延续昨日，商家多反馈淡季特征显现，需求萎缩明显，询单较少，成交以刚需为主。综合来看，当前行情无有力因素驱动行情，商户多对后市持谨慎心态，但国际局势利好大宗，原料端有支撑，短期不具备大幅跌价条件。所以预计短期内国内无取向硅钢市场或将稳中偏弱运行为主。
*   19日全国无缝管市场主流售价平稳，成交一般。管厂售价下行，接单情况一般，管厂原料库存呈现小幅下降趋势。供应方面：管厂供应基本维持现状，厂库呈现继续增加态势。管厂订单情况表现一般，部分企业有暗降出货操作。市场方面：全国无缝管主流售价平稳，临沂、聊城等聚集地市场成交价格有所松动，市场整体交投氛围不佳。综上所述，预计今日全国无缝管价格或延续震荡偏弱运行。
*   19日不锈钢现货价格窄幅调整。综合而言，今日市场多数资源价格窄幅调整，期现货市场行情不佳，各方商家议价销售，预计近期市场将持续趋低调整。
*   进口矿现货市场稳中波动运行。今日盘面小幅减仓，整体仍震荡为主，贸易商出货心态依然较强，钢厂刚需采购为主，但现货活跃度一般。目前成材方面，产量增加，库存仍下降，符合季节性特征，矛盾并未明显积累，另外原料端铁矿石在铁水支撑下下降或缓慢。后期关注宏观面消息以及下游成材需求情况如何。综合来看，预计短期内铁矿石市场或震荡波动运行为主。
*   19日国内焦炭市场弱势持稳。焦企利润不佳，焦化厂整体生产积极性不高；部分地区受环保影响，焦企开工有所下滑，产量略有收窄，焦企库存小幅下降。由于下游采购意愿低迷，部分焦企仍面临出货压力，焦炭供应仍相对宽松。钢价仍表现弱势，钢厂到货良好，厂内焦炭库存普遍处于中高位水平。市场对后市预期偏悲观，钢厂采购积极性偏弱。综合来看，目前钢厂焦炭库存稳中偏高，实际采购需求低迷，在供需格局偏宽松的情况下，焦价维持弱势持稳为主。后期继续关注钢厂生产、焦煤价格走势、焦炭供需情况、焦钢利润等对焦炭市场的影响。
*   19日国内钢坯市价稳中个调，成交表现一般，市场维持谨慎观望气氛。当前市场刺激消息释放有限，市场维持多空博弈态势。供需基本面表现依旧疲软，终端采购积极性不足，市场观望氛围浓厚。综合来看，预计短期内市场将延续小幅盘整走势，市场心态仍以观望为主。
*   19日废钢市场延续震荡调整运行，部分钢厂涨跌互现。近期随着终端用钢需求淡季的到来，成品材成交一般，钢厂生产积极性受到一定影响。再加上废钢价格相较铁水不占优势，钢厂用废意愿不强，多维持按需采购，抑制废钢上涨空间。不过受高温多雨天气的影响，废钢市场供给资源季节性收紧，对价格有一定支撑。预计短期废钢市场涨跌两难，或小幅震荡运行。

---
```"
"```# 元数据 (Metadata)
*   **标题:** 6.19中联钢联合钢铁网日报
*   **链接:** https://www.custeel.com/shouye/common/viewArticle.jsp?group=&cat;&articleID=7994231

---

## 宏观 (macro)
*   美联储将基准利率维持在 4.25%-4.50%不变，连续第四次会议按兵不动，符合市场预期。经济预期显示，2025、2026、2027年底GDP增速预期中值分别为1.4%、1.6%、1.8%，3月预期均1.7%、1.8%、1.8%。官员们仍预计2025年利率将下调50个基点，但2026年只会下调25个基点，而此前的预测是下调50个基点。
*   美联储主席鲍威尔表示，近期通胀预期有所上升，关税是主要推动因素，预计 5月份总体PCE上涨2.3%，核心指数上涨2.6%。
*   中共中央政治局常委、国务院总理李强在江苏调研时强调，要深入贯彻习近平总书记关于做好经济工作的重要指示精神，坚持创新驱动发展，着力扩大有效需求，进一步营造干事创业浓厚氛围，在深化改革开放中激发高质量发展动力活力，推动经济运行持续向好。
*   中国人民银行行长潘功胜宣布8项重磅金融政策。一是设立银行间市场交易报告库。高频汇集并系统分析银行间债券、货币、衍生品、黄金、票据等各金融子市场交易数据，服务金融机构、宏观调控和金融市场监管。二是设立数字人民币国际运营中心。推进数字人民币的国际化运营与金融市场业务发展，服务数字金融创新。三是设立个人征信机构。为金融机构提供多元化、差异化的个人征信产品，进一步健全社会征信体系。四是在上海临港新片区开展离岸贸易金融服务综合改革试点。创新业务规则，支持上海发展离岸贸易。五是发展自贸离岸债。遵循“两头在外”的原则和国际通行的规则标准，拓宽“走出去”企业及“一带一路”共建国家和地区优质企业的融资渠道。六是优化升级自由贸易账户功能。实现优质企业与境外资金高效融通，提升跨境贸易投资自由化便利化水平。七是在上海“先行先试”结构性货币政策工具创新。包括开展航贸区块链信用证再融资业务、“跨境贸易再融资”业务、碳减排支持工具扩容等试点。积极推动上海首批运用科技创新债券风险分担工具，支持私募股权机构发行科创债券。八是会同证监会研究推进人民币外汇期货交易。推动完善外汇市场产品序列，便利金融机构和外贸企业更好管理汇率风险。
*   中国证监会主席吴清在2025陆家嘴论坛上宣布，将聚焦提升制度的包容性和适应性，以深化科创板、创业板改革为抓手，着力打造更具吸引力、竞争力的市场体系和产品服务矩阵。更好发挥科创板“试验田”作用，加力推出进一步深化改革的“1+6”政策措施，统筹推进投融资综合改革和投资者权益保护，加快构建更有利于支持全面创新的资本市场生态。
*   中国人民银行副行长、国家外汇局局长朱鹤新表示，将积极推出多项支持性政策，助力稳就业、稳企业、稳市场、稳预期。多措并举支持外贸企业发展，实施扩大跨境贸易高水平开放试点、鼓励银行将更多贸易新业态主体纳入贸易便利化政策等便利化政策。积极推进跨境投融资便利化，在全国实施扩大科技型企业跨境融资便利、缩减资本项目收入使用负面清单等，在全国推广跨国公司本外币一体化资金池政策，开展绿色外债政策试点，完善境内企业境外上市资金管理，新发放一批合格境内机构投资者投资额度。在自贸试验区实施优化新型国际贸易结算、扩大合格境外有限合伙人试点等10项便利化政策，积极支持自由贸易试验区提升战略。
*   国家外汇管理局起草了《国家外汇管理局关于深化跨境投融资外汇管理改革有关事宜的通知（征求意见稿）》，现向社会公开征求意见。《通知》包括三方面9项具体政策：（一）4项投资端政策。一是取消境内直接投资前期费用基本信息登记。二是取消外商投资企业境内再投资登记，将在部分省市试点的外商投资企业境内再投资免登记政策推广至全国。三是允许外商直接投资项下外汇利润境内再投资。四是便利境内非企业科研机构接收境外资金，将在部分地区试点的境内非企业科研机构接收境外资金试点政策（即“科汇通”）推广至全国。（二）2项融资端政策。一是扩大跨境融资便利。将高新技术、“专精特新”和科技型中小企业外债便利化额度统一提高至不超过等值1000万美元。将有关部门依托“创新积分制”遴选的符合条件的企业的外债便利化额度提高至不超过等值2000万美元。二是简化跨境融资便利化业务登记管理，允许参与跨境融资便利化业务的企业在签约登记环节免于提供上一年度或最近一期经审计的财务报告。 （三）3项支付便利政策。一是缩减资本项目收入使用负面清单，取消资本项目外汇收入及其结汇所得人民币资金不得用于购买非自用住宅性质房产的限制。二是优化资本项目外汇收入支付便利化业务。允许银行在统筹便利化服务和风险防范前提下，依据客户合规经营情况和风险等级等自行决定便利化业务事后随机抽查的比例和频率。三是便利境外个人境内购房结汇支付。将港澳居民在粤港澳大湾区购房结 汇支付便利化试点政策推广至全国，允许境外个人在满足各地购房政策条件下，可以在取得房地产主管部门出具的购房备案证明文件之前，凭购房合同或协议先行在银行办理购房相关外汇资金的结汇支付，后续再向银行补交购房备案证明文件。
*   近期，多地传出以旧换新“国补”暂停或者调整的消息。对此，国家相关主管部门就“国补”下一步计划回应称，今年国家安排3000亿元超长期特别国债资金支持消费品以旧换新，目前已向地方下达了共计1620亿元资金，剩余资金将有序下达。2025年的消费品以旧换新政策将全年实施，有关部门正指导地方平稳有序使用“国补”资金，推动政策发挥更大效能。","```# 元数据 (Metadata)
*   **标题:** 6.19中联钢联合钢铁网日报
*   **链接:** https://www.custeel.com/shouye/common/viewArticle.jsp?group=&cat;&articleID=7994231

---

## 进出口 (import_export)
*   海关总署最新数据显示，今年前5个月，我国出口机电产品6.4万亿元，同比增长9.3%，占出口总值的60%。主要机电产品出口方面：5月，中国出口机床156万台，同比下降4.7%。1-5月，累计出口机床686万台，同比下降2.3%。5月，中国出口拖拉机19449台，同比增长35.6%。1-5月，累计出口拖拉机74429台，同比增长12.6%。
*   海关总署最新数据显示，2025年5月，中国出口未锻轧铜及铜材114,171吨，同比下降23.6%；1-5月累计出口594,797吨，同比增长25.2%。2025年5月，中国进口未锻轧铜及铜材43万吨，同比下降16.6%；1-5月累计进口217万吨，同比下降6.7%。2025年5月，中国进口铜矿砂及其精矿240万吨，同比增长6.6%；1-5月累计进口1241万吨，同比增长7.4%。
*   海关总署最新数据显示，2025年5月中国出口汽车69万辆，同比增长22.2%；1-5月累计出口285万辆，同比增长16.8%。5月中国进口汽车5万辆，同比下降25.5%；1-5月累计进口18万辆，同比下降32.8%。
*   海关总署最新数据显示，2025年5月中国出口空调676万台，同比下降3.1%；1-5月累计出口3646万台，同比增长12.9%。5月出口冰箱684万台，同比下降8.0%；1-5月累计出口3364万台，同比增长4.0%。5月出口洗衣机283万台，同比增长1.8%；1-5月累计出口1403万台，同比增长4.0%。5月出口液晶电视863万台，同比下降3.2%；1-5月累计出口4072万台，同比增长0.2%。
*   海关总署最新数据显示，我国5月出口船舶590艘，同比增长6.7%；1-5月累计出口2934艘，同比增长26.6%。5月进口船舶974艘，同比下降4.1%；1-5月累计进口3232艘，同比下降5.6%。
*   海关总署最新数据显示，2025年5月，中国出口钢铁板材633万吨，同比下降1.0%；1-5月累计出口3039万吨，同比下降0.5%。5月，中国出口钢铁棒材180万吨，同比增长53.5%；1-5月累计出口751万吨，同比增长49.3%。

## 产量 (production)
*   据中国煤炭工业协会统计与信息部统计，2025年1-5月排名前10家企业原煤产量合计为9.8亿吨，同比增加4961万吨，占规模以上企业原煤产量的49.2%。具体情况为：国家能源集团25427万吨，同比下降1.4%；晋能控股集团16848万吨，同比增长17.5%；山东能源集团11552万吨，同比增长5.2%；中国中煤11307万吨，同比增长3.0%；陕煤集团10739万吨，同比增长2.1%；山西焦煤集团7767万吨，同比增长20.6%；华能集团4285万吨，同比下降8.4%；潞安化工集团4138万吨，同比增长14.3%； 河南能源集团3128万吨，同比增长7.0%；淮河能源集团3026万吨，同比增长1.8%。
*   JSW Steel（京德勒西南钢铁公司 ）2025年5月综合粗钢产量达227.3万吨，同比增加8%，显示其整体产能保持稳步增长态势。其中，印度本土业务贡献219.4万吨，同比增长9%，是整体增长的主要驱动力。相比之下，位于美国俄亥俄州的JSW Steel USA产量则出现下滑，当月产量为7.9万吨，同比下降7%。产能利用率方面，JSW钢铁5月整体水平维持在80%左右。公司指出，该数据受多尔维（Dolvi）工厂一座高炉计划检修影响，该高炉已于5月30日重新启动。从年度累计来看，2025年前五个月JSW钢铁粗钢总产量为475.6万吨，同比大幅增长13%，反映出其在稳定运营基础上的产能扩张成效。
*   新钢集团成功研发合金工具钢XGD6A冷轧宽幅钢带。此举填补了国内冷轧宽幅钢带生产的空白，标志着新钢集团成为唯一一家能够实现“集宽幅合金工具钢热轧、酸洗、冷轧、退火全流程加工生产于一体”的国内钢企，为新钢产品结构调优、抢占高端市场提供充足动力。合金工具钢XGD6A是一种双金属锯条背材用钢，合金含量高达4%以上。凭借着高强韧性、高耐磨性、高红硬性以及使用寿命长等特点，它被广泛运用于切割金属、坚硬贵重红木等高硬度材料的锯切行业，拥有广阔市场前景‌。","```# 元数据 (Metadata)
*   **标题:** 6.19中联钢联合钢铁网日报
*   **链接:** https://www.custeel.com/shouye/common/viewArticle.jsp?group=&cat;&articleID=7994231

---

（本报告无相关事实）","```markdown
# 元数据 (Metadata)
*   **标题:** 6.19中联钢联合钢铁网日报
*   **链接:** https://www.custeel.com/shouye/common/viewArticle.jsp?group=&cat;&articleID=7994231

---

## 价格 (price)
*   18日建筑钢材市场价格略有下跌，主要城市螺纹钢均价为3236元/吨，较上一个交易日下跌3元/吨。当日主力合约2510收盘价2986元/吨，较前一个交易日上涨4元/吨。较杭州沙钢螺纹市价3330元/吨升水348元。今日市场价格变化不大。现河钢小螺纹3270元/吨，大螺纹3160元/吨，盘螺3380元/吨，成交一般。今天期螺震荡运行，现货市场情绪平稳，价格弱稳。商家报价较昨天基本持稳，终端刚需采购，整体成交一般。今日唐山迁安松汀钢坯报2920元/吨，持稳。昨晚夜盘期螺窄幅震荡，今天上午期螺继续震荡，早盘商家价格报稳，下游处于观望心态，实际采购不多。下午期螺保持震荡走势，商家报价仍稳，个别商家对部分规格小幅降价，终端刚需拿货，全天成交一般。综合来看，今日期螺小幅减仓，震荡运行，持续震荡行情，现货价格弱稳，市场供需双弱，商家心态谨慎依旧，预计明日市场价格继续平稳。
*   18日热轧现货价格涨跌互现，总体小幅反弹。全国主要城市均价3204元/吨较17日涨1元周环比跌16元，上海3180-3200元/吨较17日涨10元较上周同期稳。乐从3170-3180元/吨较17日涨10元较上周同期跌50元。天津3110-3130元/吨较16日稳较上周同期跌20元。燕钢招标价今天较前一工作日价格稳。今天钢坯报价2910-2920元/吨较17日稳。热轧期货震荡走强，收盘3102元较前一工作日涨9元涨幅0.29%。今日钢材现货成交整体一般偏弱，价格基本持稳，刚需为主，投机情绪弱。淡季行情延续，市场情绪谨慎，总体热轧现货窄幅波动，短期震荡趋势延续。
*   18日全国主要城市冷轧板均价为3844元/吨，较上工作日跌4元/吨，较上周同期跌25元/吨。其中，上海地区市场价格鞍钢1.0冷卷3540元/吨，稳；天津天铁1.0冷卷3530元/吨，稳；乐从柳钢1.0冷卷3620元/吨，稳。期货盘面区间震荡，市场投机意愿减弱，冷轧现货市场价格弱稳运行，终端采购多按刚需补库，总体成交量表现一般，部分商家进行优惠议价出货为主。目前来看，受期货波动影响，直接影响需求端采买情绪；伴随生产淡季影响，需考虑到需求节奏放慢，部分商家有议价出货促成交情况，多数商家持谨慎心态，价格操作空间相对有限。预计短期冷轧窄幅震荡运行。
*   18日无取向硅钢均价4750元/吨，较昨日持稳，较上月同期下调300元/吨；取向硅钢均价13000元/吨，较昨日持稳，较上月同期下调100元/吨。今日硅钢市场价格继续稳中偏弱运行。期螺震荡运行，无取向硅钢现货市场情绪平稳，上海市场现货价格弱稳。商家报价较昨天基本持稳，终端刚需采购，整体成交一般，下游处于观望心态，实际采购不多。所以预计短期内国内无取向硅钢市场或将稳中偏弱运行为主。
*   18日全国无缝管市场主流售价平稳，个别市场有小幅下调，成交一般。全国33个城市108*4.5的无缝管平均售价为4246元/吨，较前一交易日降2元/吨，较上周同期降5元/吨。原料方面，今日管坯市场主流价格平稳，现连铸管坯出厂售价约3170-3200元/吨左右，热轧坯市场售价3120-3230元/吨左右。管厂方面，山东无缝管出厂售价下行，山东一道次冷拔管出厂4450元/吨，热轧管出厂3850元/吨，聊城厚壁管出厂3800元/吨左右。管厂售价下行，订单出货较前期转好。市场方面，宏观面缺乏新刺激政策，黑色系期货震荡小涨，市场对淡季需求预期偏悲观，成本端支撑力度仍显不足。管厂开工率持续下滑，但库存压力仍存，厂商以“稳价去库”为主，主动减产力度不足。南方梅雨季导致基建施工停滞，无缝管终端采购量萎缩，且多为低价资源成交。综上所述，预计明日全国地区无缝管价格延续稳中偏弱运行。
*   18日不锈钢现货价格趋低运行。无锡市场方面：304冷轧太钢报价为13350元/吨，较前一交易日降100元/吨；宏旺资源报价为12700元/吨，较前一交易日降50元/吨；304热轧报价为12200元/吨，较前一交易日降50元/吨。200系方面: 今日冷热轧价格趋低运行，目前J1四尺冷轧资源锡佛主流报至毛边7100-7400元/吨，J2J5资源走至毛边6600-6700元/吨。综合而言，今日市场多数资源价格继续趋低调整，市场行情不佳，各方商家议价销售，预计近期市场将持续趋低调整。
*   18日黑色系铁矿石期货震荡偏弱运行，09铁矿终收695.5元/吨跌0.5%成交量43.88万日增仓9401手；全天成交价格环比小幅下降5-6元/吨。唐山地区价格：PB粉719/720/717/715元/吨，金布巴665元/吨，混合粉647元/吨；山东地区成交价格：PB粉709/707元/吨，纽曼筛后块835元/吨。进口矿现货市场偏弱运行。今日盘面小幅增仓，弱势震荡，重心有所下移，贸易商出货心态较强，钢厂刚需采购为主，现货活跃度一般。近期铁矿现货相对盘面偏弱，基差继续收窄，市场心态谨慎偏弱，但铁矿自身基本面中性。后期关注宏观面消息以及下游成材需求情况如何。综合来看，预计短期内铁矿石市场或震荡小幅偏弱运行为主。
*   18日国内焦炭市场弱势持稳。山西地区主流准一级湿熄焦出厂1030-1080元/吨，准一级干熄焦价格1245-1315元/吨。焦价连续下降，焦企盈利水平下降，部分焦企受亏损及库存压力影响，有主动减产现象。当前市场观望情绪浓厚，钢厂采购积极性较低，部分焦企厂内库存仍有累积，整体以积极出货为主。钢价震荡运行，钢厂高炉开工率维持高位，由于厂内焦炭库存处于较高水平，叠加传统消费淡季影响，钢厂多保持按需采购策略。综合来看，焦炭供需格局维持偏宽松状态，短期焦炭市场弱势持稳运行。后期继续关注钢厂生产、焦煤价格走势、焦炭供需情况、焦钢利润等对焦炭市场的影响。
*   18日国内钢坯市价多小幅补降，幅度10-20元/吨，成交表现一般。今早盘多数城市小幅补跌昨日行情，成交表现一般偏弱。然盘中黑色期货盘面震荡持红运行，叠加现货资源相对坚挺，故整体谨慎坚挺局面略显，午后市价多报稳运行。截止发稿时，唐山报2910-2920元/吨，江阴报2930元/吨。当前市场供需基本面未出现明显变化，社会库存保持小幅波动运行。同时，在宏观扰动因素逐渐消退且无其他驱动因素出现的背景下，厂商心态多以观望为主，预计短期内整体市场价格将继续
```",6.19中联钢联合钢铁网日报,https://www.custeel.com/shouye/common/viewArticle.jsp?group=&cat=&articleID=7994231,"```markdown
# 元数据 (Metadata)
*   **标题:** 6.19中联钢联合钢铁网日报
*   **链接:** https://www.custeel.com/shouye/common/viewArticle.jsp?group=&cat=&articleID=7994231

---

## 宏观 (macro)
*   美联储将基准利率维持在 4.25%-4.50%不变，连续第四次会议按兵不动，符合市场预期。经济预期显示，2025、2026、2027年底GDP增速预期中值分别为1.4%、1.6%、1.8%，3月预期均1.7%、1.8%、1.8%。官员们仍预计2025年利率将下调50个基点，但2026年只会下调25个基点，而此前的预测是下调50个基点。
*   美联储主席鲍威尔表示，近期通胀预期有所上升，关税是主要推动因素，预计 5月份总体PCE上涨2.3%，核心指数上涨2.6%。
*   中共中央政治局常委、国务院总理李强在江苏调研时强调，要深入贯彻习近平总书记关于做好经济工作的重要指示精神，坚持创新驱动发展，着力扩大有效需求，进一步营造干事创业浓厚氛围，在深化改革开放中激发高质量发展动力活力，推动经济运行持续向好。
*   中国人民银行行长潘功胜宣布8项重磅金融政策。一是设立银行间市场交易报告库。高频汇集并系统分析银行间债券、货币、衍生品、黄金、票据等各金融子市场交易数据，服务金融机构、宏观调控和金融市场监管。二是设立数字人民币国际运营中心。推进数字人民币的国际化运营与金融市场业务发展，服务数字金融创新。三是设立个人征信机构。为金融机构提供多元化、差异化的个人征信产品，进一步健全社会征信体系。四是在上海临港新片区开展离岸贸易金融服务综合改革试点。创新业务规则，支持上海发展离岸贸易。五是发展自贸离岸债。遵循“两头在外”的原则和国际通行的规则标准，拓宽“走出去”企业及“一带一路”共建国家和地区优质企业的融资渠道。六是优化升级自由贸易账户功能。实现优质企业与境外资金高效融通，提升跨境贸易投资自由化便利化水平。七是在上海“先行先试”结构性货币政策工具创新。包括开展航贸区块链信用证再融资业务、“跨境贸易再融资”业务、碳减排支持工具扩容等试点。积极推动上海首批运用科技创新债券风险分担工具，支持私募股权机构发行科创债券。八是会同证监会研究推进人民币外汇期货交易。推动完善外汇市场产品序列，便利金融机构和外贸企业更好管理汇率风险。
*   中国证监会主席吴清在2025陆家嘴论坛上宣布，将聚焦提升制度的包容性和适应性，以深化科创板、创业板改革为抓手，着力打造更具吸引力、竞争力的市场体系和产品服务矩阵。更好发挥科创板“试验田”作用，加力推出进一步深化改革的“1+6”政策措施，统筹推进投融资综合改革和投资者权益保护，加快构建更有利于支持全面创新的资本市场生态。
*   中国人民银行副行长、国家外汇局局长朱鹤新表示，将积极推出多项支持性政策，助力稳就业、稳企业、稳市场、稳预期。多措并举支持外贸企业发展，实施扩大跨境贸易高水平开放试点、鼓励银行将更多贸易新业态主体纳入贸易便利化政策等便利化政策。积极推进跨境投融资便利化，在全国实施扩大科技型企业跨境融资便利、缩减资本项目收入使用负面清单等，在全国推广跨国公司本外币一体化资金池政策，开展绿色外债政策试点，完善境内企业境外上市资金管理，新发放一批合格境内机构投资者投资额度。在自贸试验区实施优化新型国际贸易结算、扩大合格境外有限合伙人试点等10项便利化政策，积极支持自由贸易试验区提升战略。
*   国家外汇管理局起草了《国家外汇管理局关于深化跨境投融资外汇管理改革有关事宜的通知（征求意见稿）》，现向社会公开征求意见。《通知》包括三方面9项具体政策：（一）4项投资端政策。一是取消境内直接投资前期费用基本信息登记。二是取消外商投资企业境内再投资登记，将在部分省市试点的外商投资企业境内再投资免登记政策推广至全国。三是允许外商直接投资项下外汇利润境内再投资。四是便利境内非企业科研机构接收境外资金，将在部分地区试点的境内非企业科研机构接收境外资金试点政策（即“科汇通”）推广至全国。（二）2项融资端政策。一是扩大跨境融资便利。将高新技术、“专精特新”和科技型中小企业外债便利化额度统一提高至不超过等值1000万美元。将有关部门依托“创新积分制”遴选的符合条件的企业的外债便利化额度提高至不超过等值2000万美元。二是简化跨境融资便利化业务登记管理，允许参与跨境融资便利化业务的企业在签约登记环节免于提供上一年度或最近一期经审计的财务报告。 （三）3项支付便利政策。一是缩减资本项目收入使用负面清单，取消资本项目外汇收入及其结汇所得人民币资金不得用于购买非自用住宅性质房产的限制。二是优化资本项目外汇收入支付便利化业务。允许银行在统筹便利化服务和风险防范前提下，依据客户合规经营情况和风险等级等自行决定便利化业务事后随机抽查的比例和频率。三是便利境外个人境内购房结汇支付。将港澳居民在粤港澳大湾区购房结 汇支付便利化试点政策推广至全国，允许境外个人在满足各地购房政策条件下，可以在取得房地产主管部门出具的购房备案证明文件之前，凭购房合同或协议先行在银行办理购房相关外汇资金的结汇支付，后续再向银行补交购房备案证明文件。
*   近期，多地传出以旧换新“国补”暂停或者调整的消息。对此，国家相关主管部门就“国补”下一步计划回应称，今年国家安排3000亿元超长期特别国债资金支持消费品以旧换新，目前已向地方下达了共计1620亿元资金，剩余资金将有序下达。2025年的消费品以旧换新政策将全年实施，有关部门正指导地方平稳有序使用“国补”资金，推动政策发挥更大效能。

## 进出口 (import_export)
*   海关总署最新数据显示，今年前5个月，我国出口机电产品6.4万亿元，同比增长9.3%，占出口总值的60%。主要机电产品出口方面：5月，中国出口机床156万台，同比下降4.7%。1-5月，累计出口机床686万台，同比下降2.3%。5月，中国出口拖拉机19449台，同比增长35.6%。1-5月，累计出口拖拉机74429台，同比增长12.6%。
*   海关总署最新数据显示，2025年5月，中国出口未锻轧铜及铜材114,171吨，同比下降23.6%；1-5月累计出口594,797吨，同比增长25.2%。2025年5月，中国进口未锻轧铜及铜材43万吨，同比下降16.6%；1-5月累计进口217万吨，同比下降6.7%。2025年5月，中国进口铜矿砂及其精矿240万吨，同比增长6.6%；1-5月累计进口1241万吨，同比增长7.4%。
*   海关总署最新数据显示，2025年5月中国出口汽车69万辆，同比增长22.2%；1-5月累计出口285万辆，同比增长16.8%。5月中国进口汽车5万辆，同比下降25.5%；1-5月累计进口18万辆，同比下降32.8%。
*   海关总署最新数据显示，2025年5月中国出口空调676万台，同比下降3.1%；1-5月累计出口3646万台，同比增长12.9%。5月出口冰箱684万台，同比下降8.0%；1-5月累计出口3364万台，同比增长4.0%。5月出口洗衣机283万台，同比增长1.8%；1-5月累计出口1403万台，同比增长4.0%。5月出口液晶电视863万台，同比下降3.2%；1-5月累计出口4072万台，同比增长0.2%。
*   海关总署最新数据显示，我国5月出口船舶590艘，同比增长6.7%；1-5月累计出口2934艘，同比增长26.6%。5月进口船舶974艘，同比下降4.1%；1-5月累计进口3232艘，同比下降5.6%。
*   海关总署最新数据显示，2025年5月，中国出口钢铁板材633万吨，同比下降1.0%；1-5月累计出口3039万吨，同比下降0.5%。5月，中国出口钢铁棒材180万吨，同比增长53.5%；1-5月累计出口751万吨，同比增长49.3%。

## 产量 (production)
*   据中国煤炭工业协会统计与信息部统计，2025年1-5月排名前10家企业原煤产量合计为9.8亿吨，同比增加4961万吨，占规模以上企业原煤产量的49.2%。具体情况为：国家能源集团25427万吨，同比下降1.4%；晋能控股集团16848万吨，同比增长17.5%；山东能源集团11552万吨，同比增长5.2%；中国中煤11307万吨，同比增长3.0%；陕煤集团10739万吨，同比增长2.1%；山西焦煤集团7767万吨，同比增长20.6%；华能集团4285万吨，同比下降8.4%；潞安化工集团4138万吨，同比增长14.3%； 河南能源集团3128万吨，同比增长7.0%；淮河能源集团3026万吨，同比增长1.8%。
*   JSW Steel（京德勒西南钢铁公司 ）2025年5月综合粗钢产量达227.3万吨，同比增加8%，显示其整体产能保持稳步增长态势。其中，印度本土业务贡献219.4万吨，同比增长9%，是整体增长的主要驱动力。相比之下，位于美国俄亥俄州的JSW Steel USA产量则出现下滑，当月产量为7.9万吨，同比下降7%。产能利用率方面，JSW钢铁5月整体水平维持在80%左右。公司指出，该数据受多尔维（Dolvi）工厂一座高炉计划检修影响，该高炉已于5月30日重新启动。从年度累计来看，2025年前五个月JSW钢铁粗钢总产量为475.6万吨，同比大幅增长13%，反映出其在稳定运营基础上的产能扩张成效。
*   新钢集团成功研发合金工具钢XGD6A冷轧宽幅钢带。此举填补了国内冷轧宽幅钢带生产的空白，标志着新钢集团成为唯一一家能够实现“集宽幅合金工具钢热轧、酸洗、冷轧、退火全流程加工生产于一体”的国内钢企，为新钢产品结构调优、抢占高端市场提供充足动力。合金工具钢XGD6A是一种双金属锯条背材用钢，合金含量高达4%以上。凭借着高强韧性、高耐磨性、高红硬性以及使用寿命长等特点，它被广泛运用于切割金属、坚硬贵重红木等高硬度材料的锯切行业，拥有广阔市场前景‌。

## 价格 (price)
*   18日建筑钢材市场价格略有下跌，主要城市螺纹钢均价为3236元/吨，较上一个交易日下跌3元/吨。当日主力合约2510收盘价2986元/吨，较前一个交易日上涨4元/吨。较杭州沙钢螺纹市价3330元/吨升水348元。今日市场价格变化不大。现河钢小螺纹3270元/吨，大螺纹3160元/吨，盘螺3380元/吨，成交一般。今天期螺震荡运行，现货市场情绪平稳，价格弱稳。商家报价较昨天基本持稳，终端刚需采购，整体成交一般。今日唐山迁安松汀钢坯报2920元/吨，持稳。昨晚夜盘期螺窄幅震荡，今天上午期螺继续震荡，早盘商家价格报稳，下游处于观望心态，实际采购不多。下午期螺保持震荡走势，商家报价仍稳，个别商家对部分规格小幅降价，终端刚需拿货，全天成交一般。综合来看，今日期螺小幅减仓，震荡运行，持续震荡行情，现货价格弱稳，市场供需双弱，商家心态谨慎依旧，预计明日市场价格继续平稳。
*   18日热轧现货价格涨跌互现，总体小幅反弹。全国主要城市均价3204元/吨较17日涨1元周环比跌16元，上海3180-3200元/吨较17日涨10元较上周同期稳。乐从3170-3180元/吨较17日涨10元较上周同期跌50元。天津3110-3130元/吨较16日稳较上周同期跌20元。燕钢招标价今天较前一工作日价格稳。今天钢坯报价2910-2920元/吨较17日稳。热轧期货震荡走强，收盘3102元较前一工作日涨9元涨幅0.29%。今日钢材现货成交整体一般偏弱，价格基本持稳，刚需为主，投机情绪弱。淡季行情延续，市场情绪谨慎，总体热轧现货窄幅波动，短期震荡趋势延续。
*   18日全国主要城市冷轧板均价为3844元/吨，较上工作日跌4元/吨，较上周同期跌25元/吨。其中，上海地区市场价格鞍钢1.0冷卷3540元/吨，稳；天津天铁1.0冷卷3530元/吨，稳；乐从柳钢1.0冷卷3620元/吨，稳。期货盘面区间震荡，市场投机意愿减弱，冷轧现货市场价格弱稳运行，终端采购多按刚需补库，总体成交量表现一般，部分商家进行优惠议价出货为主。目前来看，受期货波动影响，直接影响需求端采买情绪；伴随生产淡季影响，需考虑到需求节奏放慢，部分商家有议价出货促成交情况，多数商家持谨慎心态，价格操作空间相对有限。预计短期冷轧窄幅震荡运行。
*   18日无取向硅钢均价4750元/吨，较昨日持稳，较上月同期下调300元/吨；取向硅钢均价13000元/吨，较昨日持稳，较上月同期下调100元/吨。今日硅钢市场价格继续稳中偏弱运行。期螺震荡运行，无取向硅钢现货市场情绪平稳，上海市场现货价格弱稳。商家报价较昨天基本持稳，终端刚需采购，整体成交一般，下游处于观望心态，实际采购不多。所以预计短期内国内无取向硅钢市场或将稳中偏弱运行为主。
*   18日全国无缝管市场主流售价平稳，个别市场有小幅下调，成交一般。全国33个城市108*4.5的无缝管平均售价为4246元/吨，较前一交易日降2元/吨，较上周同期降5元/吨。原料方面，今日管坯市场主流价格平稳，现连铸管坯出厂售价约3170-3200元/吨左右，热轧坯市场售价3120-3230元/吨左右。管厂方面，山东无缝管出厂售价下行，山东一道次冷拔管出厂4450元/吨，热轧管出厂3850元/吨，聊城厚壁管出厂3800元/吨左右。管厂售价下行，订单出货较前期转好。市场方面，宏观面缺乏新刺激政策，黑色系期货震荡小涨，市场对淡季需求预期偏悲观，成本端支撑力度仍显不足。管厂开工率持续下滑，但库存压力仍存，厂商以“稳价去库”为主，主动减产力度不足。南方梅雨季导致基建施工停滞，无缝管终端采购量萎缩，且多为低价资源成交。综上所述，预计明日全国地区无缝管价格延续稳中偏弱运行。
*   18日不锈钢现货价格趋低运行。无锡市场方面：304冷轧太钢报价为13350元/吨，较前一交易日降100元/吨；宏旺资源报价为12700元/吨，较前一交易日降50元/吨；304热轧报价为12200元/吨，较前一交易日降50元/吨。200系方面: 今日冷热轧价格趋低运行，目前J1四尺冷轧资源锡佛主流报至毛边7100-7400元/吨，J2J5资源走至毛边6600-6700元/吨。综合而言，今日市场多数资源价格继续趋低调整，市场行情不佳，各方商家议价销售，预计近期市场将持续趋低调整。
*   18日黑色系铁矿石期货震荡偏弱运行，09铁矿终收695.5元/吨跌0.5%成交量43.88万日增仓9401手；全天成交价格环比小幅下降5-6元/吨。唐山地区价格：PB粉719/720/717/715元/吨，金布巴665元/吨，混合粉647元/吨；山东地区成交价格：PB粉709/707元/吨，纽曼筛后块835元/吨。进口矿现货市场偏弱运行。今日盘面小幅增仓，弱势震荡，重心有所下移，贸易商出货心态较强，钢厂刚需采购为主，现货活跃度一般。近期铁矿现货相对盘面偏弱，基差继续收窄，市场心态谨慎偏弱，但铁矿自身基本面中性。后期关注宏观面消息以及下游成材需求情况如何。综合来看，预计短期内铁矿石市场或震荡小幅偏弱运行为主。
*   18日国内焦炭市场弱势持稳。山西地区主流准一级湿熄焦出厂1030-1080元/吨，准一级干熄焦价格1245-1315元/吨。焦价连续下降，焦企盈利水平下降，部分焦企受亏损及库存压力影响，有主动减产现象。当前市场观望情绪浓厚，钢厂采购积极性较低，部分焦企厂内库存仍有累积，整体以积极出货为主。钢价震荡运行，钢厂高炉开工率维持高位，由于厂内焦炭库存处于较高水平，叠加传统消费淡季影响，钢厂多保持按需采购策略。综合来看，焦炭供需格局维持偏宽松状态，短期焦炭市场弱势持稳运行。后期继续关注钢厂生产、焦煤价格走势、焦炭供需情况、焦钢利润等对焦炭市场的影响。
*   18日国内钢坯市价多小幅补降，幅度10-20元/吨，成交表现一般。今早盘多数城市小幅补跌昨日行情，成交表现一般偏弱。然盘中黑色期货盘面震荡持红运行，叠加现货资源相对坚挺，故整体谨慎坚挺局面略显，午后市价多报稳运行。截止发稿时，唐山报2910-2920元/吨，江阴报2930元/吨。当前市场供需基本面未出现明显变化，社会库存保持小幅波动运行。同时，在宏观扰动因素逐渐消退且无其他驱动因素出现的背景下，厂商心态多以观望为主，预计短期内整体市场价格将继续"
"```markdown
# 元数据 (Metadata)
*   **标题:** 6.18中联钢联合钢铁网日报
*   **链接:** https://www.custeel.com/shouye/common/viewArticle.jsp?group=&cat;&articleID=7992894

---

## 宏观 (macro)
*   日本央行维持目标利率在0.5%不变，符合市场预期，连续第三次会议按兵不动。从2026年4月起，每个季度每月减少约2000亿日元的日本国债购买量。
*   中共中央政治局委员、国务院副总理张国清广东调研产业创新和促进平台经济健康发展等工作。他强调，要深入贯彻习近平总书记重要指示批示精神，落实党中央、国务院决策部署，推动科技创新和产业创新深度融合，不断塑造发展新动能新优势，坚持发展和规范并重，着力健全平台经济治理体系，构建公平有序的平台经济发展环境。
*   国务院国资委党委委员、副主任李镇在国有企业改革深化提升行动2025年第二次专题推进会上对国资国企完善战略性新兴产业和未来产业发展机制提出四点要求。一要注重规划引领，系统衔接国家重点产业发展战略，科学制定国资国企“十五五”规划，基于企业自身战略定位和产业优势，强化整体统筹布局，选准战新产业培育的“主攻方向”，坚决避免“内卷式”竞争和盲目多元化。二要加大增量投入力度，围绕新产业新赛道，聚焦科技属性和技术价值，规范发展天使投资、风险投资、股权投资，引导国企基金“投早投小投硬”。三要重视重组并购战新业务后的整合融合。结合战新产业和未来产业创新活跃、技术密集、价值高端，但不确定性大、风险高等特点，完善形成与战新产业和未来产业发展相适应的治理结构和运营机制，在规范运营的前提下，发挥重组各方优势，更多赋能支持，提升协同创新能力。四要给予新技术、新业态、新模式一定的成长呵护包容期，发展长期资本、耐心资本孵化未来产业，推动初创企业走过从“播种”到“出苗”、再到“参天大树”的长周期，培育更多的专精特新“小巨人”、单项冠军和独角兽企业。
*   国家发改委：自2025年6月17日24时起，国内汽、柴油价格每吨分别上涨260元和255元。
*   河南省人民政府发布《关于新时期推动招商引资高质量发展的指导意见》，其中提出，大力推进国资招商。加强行业主管部门与履行国有企业出资人职责部门协作，通过完善国有企业公司治理，强化国有企业招商功能，完善与央企、民营企业、外资企业对接合作机制，扩大开放协作。加快推动城投公司向产业投资公司转型，支持产业投资公司重组合并城投公司。建立全省产业投资公司名录管理制度。支持省、市级产业投资公司在境外设立离岸招商公司。以开发区、“智慧岛”为主阵地，依托产业投资公司提供生产、流通各环节所需的一体化服务。强化省、市、县三级产业投资公司联动，鼓励联合招商、联合投资。鼓励国有企业与市场化招商机构合作，吸引社会资本共同参与招商。
```","```markdown
# 元数据 (Metadata)
*   **标题:** 6.18中联钢联合钢铁网日报
*   **链接:** https://www.custeel.com/shouye/common/viewArticle.jsp?group=&cat=&articleID=7992894

---

## 进出口 (import_export)
*   从中国进出口银行获悉，该行日前出台专项工作方案，进一步强化外贸领域金融支持，促进外贸稳定增长。根据工作方案，进出口银行将发挥深耕海外市场优势，通过企业、产业、园区相互联动的支持策略，支持制造业企业高质量“走出去”。针对基于传统模式的进出口贸易，加强各项信贷政策和资源倾斜，持续巩固对不同类型外贸主体和外贸产业基础的金融支持。针对跨境电商等新业态特点，探索“政策性金融+”支持模式，共同培育外贸发展新动能。下一步，进出口银行将继续加大对外贸重点领域和薄弱环节的金融支持力度，着力解决当前外贸企业发展面临的痛点难点，全力支持外贸高质量发展。
*   国家外汇管理局公布2025年5月银行结售汇和银行代客涉外收付款数据，数据显示，2025年5月，银行结汇13861亿元人民币，售汇13051亿元人民币。2025年1-5月，银行累计结汇67235亿元人民币，累计售汇70867亿元人民币。2025年5月，银行代客涉外收入44800亿元人民币，对外付款42426亿元人民币。2025年1-5月，银行代客累计涉外收入230862亿元人民币，累计对外付款223540亿元人民币。
*   据中国工程机械工业协会对平地机主要制造企业统计，2025年5月当月销售各类平地机649台，同比下降3.28%，其中国内销量112台，同比增长31.8%；出口量537台，同比下降8.36%。2025年1—5月，共销售平地机3580台，同比增长14.9%；其中国内销量677台，同比增长40.7%；出口2903台，同比增长10.1%。对汽车起重机主要制造企业统计，2025年5月当月销售各类汽车起重机1748台，同比下降8.1%，其中国内销量978台，同比下降3.36%；出口量770台，同比下降13.5%。2025年1—5月，共销售汽车起重机9103台，同比下降8.94%；其中国内销量5181台，同比下降13.8%；出口3922台，同比下降1.61%。

## 产量 (production)
*   方大特钢 1-5月建材工程销量增长23.57%。
*   土耳其长材生产商Diler Iron and Steel 6月11日宣布，其盘螺生产线5月产量达20,231吨，创月度纪录。该公司在20个生产日内实现这一里程碑，其中8天专门生产8毫米螺纹钢。作为土耳其重要钢铁制造商，Diler目前拥有150万吨/年的电弧炉炼钢产能。其配套的两座现代化轧钢厂总产能同样达到150万吨/年，产品涵盖螺纹钢、线材等建筑用钢材。公司近期在声明中强调，将继续通过产能优化和技术升级，进一步提升在土耳其国内市场及出口市场的占有率。
```","```markdown
# 元数据 (Metadata)
*   **标题:** 6.18中联钢联合钢铁网日报
*   **链接:** https://www.custeel.com/shouye/common/viewArticle.jsp?group=&cat=&articleID=7992894

---

## 需求 (demand)
*   在房地产行业持续调整、传统需求不足的市场环境下，公司通过优化销售策略、提升服务质量等举措，今年1—5月建材工程销量实现逆势增长，较2024年同期增长23.57%‌。
*   今日钢材现货整体一般偏弱，环比昨日明显转弱，价格持稳或跟随盘面小幅下跌，淡季刚需为主，投机意愿较弱。
*   期货盘面区间震荡，市场投机意愿减弱，冷轧现货市场价格稳中有降，终端采购多按刚需补库，总体成交量有所下滑，多地商家持稳出货为主。
*   当前市场不温不火，整体成交情况表现一般。
*   管厂售价持续走稳，成交表现一般。
*   今日市场多数资源价格趋低调整，行情多窄幅趋低，终端需求有限。
*   钢厂采购积极性一般，现货活跃度环比不如昨日。
*   焦化厂出货积极，主动降库使库存压力略有缓解，但下游采购仍较为谨慎，整体仍相对宽松。
*   当前钢厂利润萎缩，对焦炭仍控价采购；部分钢厂主动减产，焦炭需求进一步萎缩，钢厂采购谨慎为主。
*   近日受宏观因素影响，钢材期现货走势震荡，难有趋势性行情。废钢市场心态较谨慎，多采取快进快出操作来降低风险。目前上游废钢产出量偏低，基地多反馈毛料难收，市场成交一般。钢厂废钢用量处于低位，基本维持按需采废。

## 市场情绪 (market_sentiment)
*   从期货角度看，市场对于昨日的政策利好认可度不高。
*   今日期螺盘整运行，商家秉持观望态势，现货价格全天平稳，市场成交一般。
*   目前市场盘螺陆续到货，商家思路整体以出货为主，叠加期螺横盘，基本面波动不明显，终端按需采购并无明显增量。
*   宏观支撑不足，淡季需求疲软，叠加原油和上证指数下跌，矿焦期货带动黑色价格下跌，热轧期现同步下行。
*   目前来看，受期货波动影响，直接影响需求端采买情绪；伴随生产淡季影响，需求端难有持续性放量，部分商家有议价出货促成交情况，多数商家持谨慎心态，价格操作空间相对有限。
*   当前市场大部分贸易商心态偏谨慎观望。
*   今日期货以及钢坯售价均呈现上涨的态势，市场心态表现一般，下游终端需求以及市场成交表现一般。
*   当前市场多空双方仍处于博弈状态，基本面表现平平，市场可操作空间有限，整体维持谨慎观望基调。
```","```markdown
# 元数据 (Metadata)
*   **标题:** 6.18中联钢联合钢铁网日报
*   **链接:** https://www.custeel.com/shouye/common/viewArticle.jsp?group=&cat;&articleID=7992894

---

## 价格 (price)
*   国际原油期货结算价大幅收涨超4%。WTI 7月原油期货收涨3.07美元，涨幅4.28%，报74.84美元/桶。布伦特8月原油期货收涨3.22美元，涨幅4.4%，报76.45美元/桶。
*   17日建筑钢材市场价格略有上涨，主要城市螺纹钢均价为3239元/吨，较上一个交易日上涨2元/吨。当日主力合约2510收盘价2981元/吨，较前一个交易日上涨5元/吨。较杭州沙钢螺纹市价3320元/吨升水338元。
*   17日热轧现货价格总体小幅下跌。全国主要城市均价3203元/吨较16日跌4元周环比跌10元，上海3170-3190元/吨较16日跌10元较上周同期跌10元。乐从3160-3180元/吨较16日跌20元较上周同期跌50元。天津3110-3130元/吨较16日稳较上周同期跌10元。
*   17日全国主要城市冷轧板均价为3848元/吨，较上工作日跌1元/吨，较上周同期跌20元/吨。其中，上海地区市场价格鞍钢1.0冷卷3540元/吨，跌10元/吨；天津天铁1.0冷卷3530元/吨，稳；乐从柳钢1.0冷卷3620元/吨，跌10元/吨。
*   17日无取向硅钢均价4750元/吨，较昨日持稳，较上月同期下调300元/吨；取向硅钢均价13000元/吨，较昨日持稳，较上月同期下调100元/吨。
*   17日全国无缝管市场主流售价平稳，成交一般。全国33个城市108*4.5的无缝管平均售价为4248元/吨，较前一交易日持平，较上周同期降3元/吨。
*   17日不锈钢现货价格趋低运行。无锡市场方面：304冷轧太钢报价为13450元/吨，较前一交易日持稳；宏旺资源报价为12750元/吨，较前一交易日持稳；304热轧报价为12250元/吨，较前一交易日降50元/吨。
*   17日进口矿现货市场偏弱运行。唐山地区价格：PB粉725元/吨，超特粉610元/吨，卡粉813元/吨；山东地区成交价格：PB粉715/714/713元/吨，麦克粉690元/吨。
*   17日国内焦炭市场弱势持稳。山西地区主流准一级湿熄焦出厂1030-1080元/吨，准一级干熄焦价格1245-1315元/吨。
*   17日国内钢坯市价稳中个调，成交表现趋缓，市场观望气氛渐增。今黑色期货盘面表现不及昨日，呈现窄幅震荡调整之势，交易活跃度降低，成交较昨转弱，市价虽暂稳运行，但观望气氛增加。截止发稿，唐山报2910-2920元/吨，江阴报2940元/吨。
*   17日废钢市场震荡调整运行，部分钢厂涨跌互现。其中华东地区钢厂多持稳运行；华北地区部分钢厂涨跌互现，涨多跌少，调整幅度多在10-20元/吨之间。目前华东地区市场重废不含税1890-2100元/吨。
```",6.18中联钢联合钢铁网日报,https://www.custeel.com/shouye/common/viewArticle.jsp?group=&cat=&articleID=7992894,"```markdown
# 元数据 (Metadata)
*   **标题:** 6.18中联钢联合钢铁网日报
*   **链接:** https://www.custeel.com/shouye/common/viewArticle.jsp?group=&cat=&articleID=7992894

---

## 宏观 (macro)
*   日本央行维持目标利率在0.5%不变，符合市场预期，连续第三次会议按兵不动。从2026年4月起，每个季度每月减少约2000亿日元的日本国债购买量。
*   中共中央政治局委员、国务院副总理张国清广东调研产业创新和促进平台经济健康发展等工作。他强调，要深入贯彻习近平总书记重要指示批示精神，落实党中央、国务院决策部署，推动科技创新和产业创新深度融合，不断塑造发展新动能新优势，坚持发展和规范并重，着力健全平台经济治理体系，构建公平有序的平台经济发展环境。
*   国务院国资委党委委员、副主任李镇在国有企业改革深化提升行动2025年第二次专题推进会上对国资国企完善战略性新兴产业和未来产业发展机制提出四点要求。一要注重规划引领，系统衔接国家重点产业发展战略，科学制定国资国企“十五五”规划，基于企业自身战略定位和产业优势，强化整体统筹布局，选准战新产业培育的“主攻方向”，坚决避免“内卷式”竞争和盲目多元化。二要加大增量投入力度，围绕新产业新赛道，聚焦科技属性和技术价值，规范发展天使投资、风险投资、股权投资，引导国企基金“投早投小投硬”。三要重视重组并购战新业务后的整合融合。结合战新产业和未来产业创新活跃、技术密集、价值高端，但不确定性大、风险高等特点，完善形成与战新产业和未来产业发展相适应的治理结构和运营机制，在规范运营的前提下，发挥重组各方优势，更多赋能支持，提升协同创新能力。四要给予新技术、新业态、新模式一定的成长呵护包容期，发展长期资本、耐心资本孵化未来产业，推动初创企业走过从“播种”到“出苗”、再到“参天大树”的长周期，培育更多的专精特新“小巨人”、单项冠军和独角兽企业。
*   国家发改委：自2025年6月17日24时起，国内汽、柴油价格每吨分别上涨260元和255元。
*   河南省人民政府发布《关于新时期推动招商引资高质量发展的指导意见》，其中提出，大力推进国资招商。加强行业主管部门与履行国有企业出资人职责部门协作，通过完善国有企业公司治理，强化国有企业招商功能，完善与央企、民营企业、外资企业对接合作机制，扩大开放协作。加快推动城投公司向产业投资公司转型，支持产业投资公司重组合并城投公司。建立全省产业投资公司名录管理制度。支持省、市级产业投资公司在境外设立离岸招商公司。以开发区、“智慧岛”为主阵地，依托产业投资公司提供生产、流通各环节所需的一体化服务。强化省、市、县三级产业投资公司联动，鼓励联合招商、联合投资。鼓励国有企业与市场化招商机构合作，吸引社会资本共同参与招商。

## 进出口 (import_export)
*   从中国进出口银行获悉，该行日前出台专项工作方案，进一步强化外贸领域金融支持，促进外贸稳定增长。根据工作方案，进出口银行将发挥深耕海外市场优势，通过企业、产业、园区相互联动的支持策略，支持制造业企业高质量“走出去”。针对基于传统模式的进出口贸易，加强各项信贷政策和资源倾斜，持续巩固对不同类型外贸主体和外贸产业基础的金融支持。针对跨境电商等新业态特点，探索“政策性金融+”支持模式，共同培育外贸发展新动能。下一步，进出口银行将继续加大对外贸重点领域和薄弱环节的金融支持力度，着力解决当前外贸企业发展面临的痛点难点，全力支持外贸高质量发展。
*   国家外汇管理局公布2025年5月银行结售汇和银行代客涉外收付款数据，数据显示，2025年5月，银行结汇13861亿元人民币，售汇13051亿元人民币。2025年1-5月，银行累计结汇67235亿元人民币，累计售汇70867亿元人民币。2025年5月，银行代客涉外收入44800亿元人民币，对外付款42426亿元人民币。2025年1-5月，银行代客累计涉外收入230862亿元人民币，累计对外付款223540亿元人民币。
*   据中国工程机械工业协会对平地机主要制造企业统计，2025年5月当月销售各类平地机649台，同比下降3.28%，其中国内销量112台，同比增长31.8%；出口量537台，同比下降8.36%。2025年1—5月，共销售平地机3580台，同比增长14.9%；其中国内销量677台，同比增长40.7%；出口2903台，同比增长10.1%。对汽车起重机主要制造企业统计，2025年5月当月销售各类汽车起重机1748台，同比下降8.1%，其中国内销量978台，同比下降3.36%；出口量770台，同比下降13.5%。2025年1—5月，共销售汽车起重机9103台，同比下降8.94%；其中国内销量5181台，同比下降13.8%；出口3922台，同比下降1.61%。

## 产量 (production)
*   方大特钢 1-5月建材工程销量增长23.57%。
*   土耳其长材生产商Diler Iron and Steel 6月11日宣布，其盘螺生产线5月产量达20,231吨，创月度纪录。该公司在20个生产日内实现这一里程碑，其中8天专门生产8毫米螺纹钢。作为土耳其重要钢铁制造商，Diler目前拥有150万吨/年的电弧炉炼钢产能。其配套的两座现代化轧钢厂总产能同样达到150万吨/年，产品涵盖螺纹钢、线材等建筑用钢材。公司近期在声明中强调，将继续通过产能优化和技术升级，进一步提升在土耳其国内市场及出口市场的占有率。

## 价格 (price)
*   国际原油期货结算价大幅收涨超4%。WTI 7月原油期货收涨3.07美元，涨幅4.28%，报74.84美元/桶。布伦特8月原油期货收涨3.22美元，涨幅4.4%，报76.45美元/桶。
*   17日建筑钢材市场价格略有上涨，主要城市螺纹钢均价为3239元/吨，较上一个交易日上涨2元/吨。当日主力合约2510收盘价2981元/吨，较前一个交易日上涨5元/吨。较杭州沙钢螺纹市价3320元/吨升水338元。
*   17日热轧现货价格总体小幅下跌。全国主要城市均价3203元/吨较16日跌4元周环比跌10元，上海3170-3190元/吨较16日跌10元较上周同期跌10元。乐从3160-3180元/吨较16日跌20元较上周同期跌50元。天津3110-3130元/吨较16日稳较上周同期跌10元。
*   17日全国主要城市冷轧板均价为3848元/吨，较上工作日跌1元/吨，较上周同期跌20元/吨。其中，上海地区市场价格鞍钢1.0冷卷3540元/吨，跌10元/吨；天津天铁1.0冷卷3530元/吨，稳；乐从柳钢1.0冷卷3620元/吨，跌10元/吨。
*   17日无取向硅钢均价4750元/吨，较昨日持稳，较上月同期下调300元/吨；取向硅钢均价13000元/吨，较昨日持稳，较上月同期下调100元/吨。
*   17日全国无缝管市场主流售价平稳，成交一般。全国33个城市108*4.5的无缝管平均售价为4248元/吨，较前一交易日持平，较上周同期降3元/吨。
*   17日不锈钢现货价格趋低运行。无锡市场方面：304冷轧太钢报价为13450元/吨，较前一交易日持稳；宏旺资源报价为12750元/吨，较前一交易日持稳；304热轧报价为12250元/吨，较前一交易日降50元/吨。
*   17日进口矿现货市场偏弱运行。唐山地区价格：PB粉725元/吨，超特粉610元/吨，卡粉813元/吨；山东地区成交价格：PB粉715/714/713元/吨，麦克粉690元/吨。
*   17日国内焦炭市场弱势持稳。山西地区主流准一级湿熄焦出厂1030-1080元/吨，准一级干熄焦价格1245-1315元/吨。
*   17日国内钢坯市价稳中个调，成交表现趋缓，市场观望气氛渐增。今黑色期货盘面表现不及昨日，呈现窄幅震荡调整之势，交易活跃度降低，成交较昨转弱，市价虽暂稳运行，但观望气氛增加。截止发稿，唐山报2910-2920元/吨，江阴报2940元/吨。
*   17日废钢市场震荡调整运行，部分钢厂涨跌互现。其中华东地区钢厂多持稳运行；华北地区部分钢厂涨跌互现，涨多跌少，调整幅度多在10-20元/吨之间。目前华东地区市场重废不含税1890-2100元/吨。

## 需求 (demand)
*   在房地产行业持续调整、传统需求不足的市场环境下，公司通过优化销售策略、提升服务质量等举措，今年1—5月建材工程销量实现逆势增长，较2024年同期增长23.57%‌。
*   今日钢材现货整体一般偏弱，环比昨日明显转弱，价格持稳或跟随盘面小幅下跌，淡季刚需为主，投机意愿较弱。
*   期货盘面区间震荡，市场投机意愿减弱，冷轧现货市场价格稳中有降，终端采购多按刚需补库，总体成交量有所下滑，多地商家持稳出货为主。
*   当前市场不温不火，整体成交情况表现一般。
*   管厂售价持续走稳，成交表现一般。
*   今日市场多数资源价格趋低调整，行情多窄幅趋低，终端需求有限。
*   钢厂采购积极性一般，现货活跃度环比不如昨日。
*   焦化厂出货积极，主动降库使库存压力略有缓解，但下游采购仍较为谨慎，整体仍相对宽松。
*   当前钢厂利润萎缩，对焦炭仍控价采购；部分钢厂主动减产，焦炭需求进一步萎缩，钢厂采购谨慎为主。
*   近日受宏观因素影响，钢材期现货走势震荡，难有趋势性行情。废钢市场心态较谨慎，多采取快进快出操作来降低风险。目前上游废钢产出量偏低，基地多反馈毛料难收，市场成交一般。钢厂废钢用量处于低位，基本维持按需采废。

## 市场情绪 (market_sentiment)
*   从期货角度看，市场对于昨日的政策利好认可度不高。
*   今日期螺盘整运行，商家秉持观望态势，现货价格全天平稳，市场成交一般。
*   目前市场盘螺陆续到货，商家思路整体以出货为主，叠加期螺横盘，基本面波动不明显，终端按需采购并无明显增量。
*   宏观支撑不足，淡季需求疲软，叠加原油和上证指数下跌，矿焦期货带动黑色价格下跌，热轧期现同步下行。
*   目前来看，受期货波动影响，直接影响需求端采买情绪；伴随生产淡季影响，需求端难有持续性放量，部分商家有议价出货促成交情况，多数商家持谨慎心态，价格操作空间相对有限。
*   当前市场大部分贸易商心态偏谨慎观望。
*   今日期货以及钢坯售价均呈现上涨的态势，市场心态表现一般，下游终端需求以及市场成交表现一般。
*   当前市场多空双方仍处于博弈状态，基本面表现平平，市场可操作空间有限，整体维持谨慎观望基调。
```"
"```markdown
# 元数据 (Metadata)
*   **标题:** 6.17中联钢联合钢铁网日报
*   **链接:** https://www.custeel.com/shouye/common/viewArticle.jsp?group=&cat;&articleID=7991583

---

## 政策 (policy)
*   生态环境部等规范锂离子电池用再生黑粉原料、再生钢铁原料进口管理有关事项的公告，其中指出为推动再生资源循环利用，规范锂离子电池用再生黑粉原料、再生钢铁原料的进口管理，现将有关事项公告如下。一、符合要求的锂离子电池用再生黑粉原料不属于固体废物，可自由进口。再生黑粉原料不能与其他种类的再生原料混装，报关时同一报关单下不允许申报不同种类的再生原料。进口再生黑粉原料不允许散装，不同类别的再生黑粉原料应分类放置。符合要求的再生钢铁原料不属于固体废物，可自由进口。再生钢铁原料不能与其他种类的再生原料混装，报关时同一报关单下不允许申报不同种类的再生原料，同一报关单下可以申报不同类别的再生钢铁原料。当不同类别的再生钢铁原料有独立包装或采取物理分隔措施，或在卸货时可以区分为不同类别的再生钢铁原料进行分类卸货，可以混装，但应分类放置。
*   唐山市发布通知，要求部分钢企在未来15天内执行A级或B级限产措施。

## 宏观 (macro)
*   国家统计局新闻发言人、国民经济综合统计司司长付凌晖在国新办发布会上表示，今年以来我国实施更加积极的宏观政策，加大逆周期调节，加快推进两重建设和两新工作，有力增强了消费的活力，带动了生产的增长，促进了转型升级，充分展现了宏观政策对稳定经济经济运行的重要作用。下阶段，我国政策工具箱的储备充足，宏观政策留有后手，可以根据形势变化动态调整、积极应对，将继续为经济的稳定运行保驾护航。
*   国家统计局：5月份，社会消费品零售总额41326亿元，同比增长6.4%。其中，除汽车以外的消费品零售额37316亿元，增长7.0%。1—5月份，社会消费品零售总额203171亿元，增长5.0%。其中，除汽车以外的消费品零售额184324亿元，增长5.6%。5月份，规模以上工业增加值同比实际增长5.8%。从环比看，5月份，规模以上工业增加值比上月增长0.61%。1—5月份，规模以上工业增加值同比增长6.3%。2025年1—5月份，全国固定资产投资191947亿元，同比增长3.7%。其中，民间固定资产投资同比持平。从环比看，5月份固定资产投资增长0.05%。
*   国家统计局数据显示：2025年5月，中国粗钢产量8655万吨，同比下降6.9%；生铁产量7411万吨，同比下降3.3%；钢材产量12743万吨，同比增长3.4%。1-5月，中国粗钢产量43163万吨，同比下降1.7%；生铁产量36274万吨，同比下降0.1%；钢材产量60582万吨，同比增长5.2%。
*   国家统计局数据显示，2025年5月份有色金属冶炼和压延加工业增加值同比增长8.1%，1-5月累计增加值同比增长7.1%；5月份十种有色金属产量为683万吨，同比增长2.9%；1-5月累计产量为3340万吨，累计同比增长2.8%。其中电解铝5月份产量为383万吨，同比增长5.0%；1-5月电解铝产量为1859万吨，累计同比增长4.0%。
*   国家统计局数据显示，原煤生产增速加快。5月份，规上工业原煤产量4.0亿吨，同比增长4.2%，增速比4月份加快0.4个百分点；日均产量1301万吨。1—5月份，规上工业原煤产量19.9亿吨，同比增长6.0%。
*   国家统计局数据显示，1-5月份，全国房地产开发投资36234亿元，同比下降10.7%（按可比口径计算，详见附注6）；其中，住宅投资27731亿元，下降10.0%。1-5月份，房地产开发企业房屋施工面积625020万平方米，同比下降9.2%。其中，住宅施工面积435354万平方米，下降9.6%。房屋新开工面积23184万平方米，下降22.8%。其中，住宅新开工面积17089万平方米，下降21.4%。房屋竣工面积18385万平方米，下降17.3%。其中，住宅竣工面积13337万平方米，下降17.6%。1-5月份，新建商品房销售面积35315万平方米，同比下降2.9%；其中住宅销售面积下降2.6%。新建商品房销售额34091亿元，下降3.8%；其中住宅销售额下降2.8%。5月末，商品房待售面积77427万平方米，比4月末减少715万平方米。其中，住宅待售面积减少439万平方米。1-5月份，房地产开发企业到位资金40232亿元，同比下降5.3%。5月份，房地产开发景气指数为93.72。
*   国家统计局数据显示，5月份，70个大中城市中，各线城市商品住宅销售价格环比下降，同比降幅继续收窄。5月份，一线城市新建商品住宅销售价格环比由上月持平转为下降0.2%。二线城市新建商品住宅销售价格环比由上月持平转为下降0.2%。三线城市新建商品住宅销售价格环比下降0.3%，降幅比上月扩大0.1个百分点。5月份，一线城市二手住宅销售价格环比下降0.7%，降幅比上月扩大0.5个百分点。二、三线城市二手住宅销售价格环比均下降0.5%，降幅均扩大0.1个百分点。 5月份，一线城市新建商品住宅销售价格同比下降1.7%，降幅比上月收窄0.4个百分点。二、三线城市新建商品住宅销售价格同比分别下降3.5%和4.9%，降幅分别收窄0.4个和0.5个百分点。5月份，一线城市二手住宅销售价格同比下降2.7%，降幅比上月收窄0.5个百分点。二、三线城市二手住宅销售价格同比分别下降6.1%和6.9%，降幅分别收窄0.4个和0.5个百分点。
```","```markdown
# 元数据 (Metadata)
*   **标题:** 6.17中联钢联合钢铁网日报
*   **链接:** https://www.custeel.com/shouye/common/viewArticle.jsp?group=&cat;&articleID=7991583

---

## 产量 (production)
*   乘联分会数据显示，2025年5月全国皮卡生产5.17万辆，同比2024年5月增20.8%，1-5月皮卡生产25.5万辆同比增23.4%；2025年5月份皮卡市场销售5.2万辆，同比2024年5月增13.6%，环比上月降8.1%，处于近5年的高位水平。2025年1-5月份皮卡市场销售25.8万辆，同比2024年1-5月增18.2%。

## 进出口 (import_export)
*   土耳其统计局最新月度数据显示，4月份土耳其热轧卷板进口量同比下降35%，至27.65万吨。土耳其钢铁生产商协会（Turkish steel Producers ' Association）的数据显示，土耳其钢铁消费量下降也拖累了进口，4月份进口量同比下降2.9%，至300万吨。尽管同比下降67%，但中国仍是土耳其最大的热卷供应国，4月份为76,500吨，其次是埃及，为52,500吨，是之前的两倍多，俄罗斯为48,500吨，增长了30%。数据显示，其他供应商包括日本（2.46万吨）和法国（1.37万吨）。
```","```markdown
# 元数据 (Metadata)
*   **标题:** 6.17中联钢联合钢铁网日报
*   **链接:** https://www.custeel.com/shouye/common/viewArticle.jsp?group=&cat=&articleID=7991583

---

## 市场情绪 (market_sentiment)
*   今日市场价格反弹幅度较大，全天振幅较小，表现较为强势。主要原因是6月13日召开的国务院常务会议提出，要对全国房地产已供土地和在建项目进行摸底，进一步优化现有政策，提升政策实施的系统性有效性，多管齐下稳定预期、激活需求、优化供给、化解风险，更大力度推动房地产市场止跌回稳。有分析称，对已供应土地、在建项目进行摸底，是进一步优化已出台政策的关键一步。未来有关部门及各地有望在进一步加大政策力度的同时，提升政策实施的精准性、有效性。预计明日螺纹钢仍有上涨空间。
*   今日钢材现货成交整体一般，近期钢材持续收基差，淡季特征明显，市场买跌不买涨，低价成交为主，涨价后成交偏弱。今天5月份宏观经济数据公布房地产需求继续持弱，高温梅雨和中高考限制工地需求，总体需求表现一般。但受能源价格的强力带动下，双焦顺势回升，钢材期货普遍上涨，热轧期货同步上行。短期价格仍将震荡运行。
*   期货盘面震荡走强，冷轧现货市场价格稳中有涨，终端采购多按刚需补库，总体市场成交有所好转，区域间成交表现存在差异，多地商家持稳出货为主。目前来看，受期货波动影响，需求端阶段性释放，而伴随生产淡季影响，需求释放难有持续性释放，基于当前价格处于较低水平，库存暂未有明显压力下，商家持谨慎心态，价格操作空间相对有限。
*   今日硅钢市场价格持稳观望运行。主流钢厂出台7月份硅钢期货价格政策，继续平盘，实际订货优惠增加，从钢厂出台价格政策可以看出，钢厂对后市持悲观态势。下游方面，目前仍在生产淡季，家电厂采购积极性较低。所以预计短期内国内无取向硅钢市场或将稳中偏弱运行为主。
*   今日市场多数资源价格趋低调整，行情偏弱，市场出货偏慢，预计近期市场将趋低调整。
*   今日期货以及钢坯售价均呈现上涨的态势，有利于无缝管市场成交，今日全国124家无缝管贸易商样本企业成交总量为14827吨，日环比增长0.5%，年同比增长2.5%。从区域来看，除华东、西南区域成交量有所下降外，其余区域均有增长。预计近期全国地区无缝管价格或窄幅震荡运行。
*   目前铁矿自身基本面相对中性，叠加钢厂利润仍维持，原料端需求有阶段性支撑，但市场预期仍偏谨慎。后期关注宏观面消息以及下游成材需求情况如何。综合来看，预计短期内铁矿石市场或震荡运行为主。
*   综合来看，焦炭供需格局维持偏宽松状态，短期焦炭市场弱势持稳运行。后期继续关注钢厂生产、焦煤价格走势、焦炭供需情况、焦钢利润等对焦炭市场的影响。
*   从目前行情来看，国际地缘政治因素推动原油上涨，间接带动黑色系商品，叠加钢坯现货市场呈现""强现实""特征，底部抗跌性较强。然季节性需求淡季依旧制约价格上涨空间，市场对高位价格仍存谨慎心态。短期来看，预计近期市场呈现先涨后趋弱的走势。
*   今黑色系期货表现偏强运行，成品材及钢坯现货价格小幅拉涨，市场信心有所提振。目前废钢基地仍维持快进快出操作，钢厂到货情况整体不一。考虑到钢厂利润空间偏低，加之废钢性价比不占有所，钢厂多按需采废，废钢持续上涨压力较大。预计短期废钢市场或窄幅震荡运行。
```","```markdown
# 元数据 (Metadata)
*   **标题:** 6.17中联钢联合钢铁网日报
*   **链接:** https://www.custeel.com/shouye/common/viewArticle.jsp?group=&cat=&articleID=7991583

---

## 价格 (price)
*   16日建筑钢材市场价格略有上涨，主要城市螺纹钢均价为3237元/吨，较上一个交易日上涨2元/吨。当日主力合约2510收盘价2990元/吨，较前一个交易日上涨29元/吨。较杭州沙钢螺纹市价3320元/吨升水344元。
*   16日热轧现货价格总体小幅上涨。全国主要城市均价3207元/吨较13日涨8元周环比跌11元，上海3180-3200元/吨较13日涨20元较上周同期稳。乐从3170-3190元/吨较13日稳较上周同期跌40元。天津3110-3130元/吨较13日涨10较上周同期跌10元。
*   16日全国主要城市冷轧板均价为3849元/吨，较上工作日涨1元/吨，较上周同期跌21元/吨。其中，上海地区市场价格鞍钢1.0冷卷3550元/吨，稳；天津天铁1.0冷卷3530元/吨，涨10元/吨；乐从柳钢1.0冷卷3630元/吨，涨10元/吨。
*   16日无取向硅钢均价4750元/吨，较昨日持稳，较上月同期下调300元/吨；取向硅钢均价13000元/吨，较昨日持稳，较上月同期下调100元/吨。
*   16日全国无缝管市场主流售价平稳，成交一般。全国33个城市108*4.5的无缝管平均售价为4248元/吨，较前一交易日降3元/吨，较上周同期降12元/吨。
*   16日不锈钢现货价格趋低运行。无锡市场方面：304冷轧太钢报价为13450元/吨，较前一交易日持稳；宏旺资源报价为12750元/吨，较前一交易日降50元/吨；304热轧报价为12300元/吨，较前一交易日降50元/吨。200系方面: 今日冷热轧价格趋低运行，目前J1四尺冷轧资源锡佛主流报至毛边7100-7450元/吨，J2J5资源走至毛边6600-6750元/吨。

## 成本 (cost)
*   16日黑色系铁矿石期货震荡调整运行，09铁矿终收704.5元/吨涨0.21%成交量53.82万日减仓1.01万手；全天成交价格环比变化不大。唐山地区价格：PB粉735元/吨，纽曼筛后块875元/吨，超特粉619元/吨，纽曼粉712元/吨；山东地区成交价格：PB粉720/719元/吨，乌精790/785元/吨。
*   16日国内焦炭市场弱势持稳。山西地区主流准一级湿熄焦出厂1030-1080元/吨，准一级干熄焦价格1245-1315元/吨。
*   16日国内钢坯市价稳中趋涨运行，成交表现一般，厂商持谨慎坚挺心态。今黑色期货盘面持红震荡高走，给予市场一定提振，活跃度有所增加，低位资源渐显放量，在此局面下，市价稳中趋涨运行。截止发稿时，唐山上调20元/吨至2920-2930元/吨，江阴报2940元/吨。
*   16日废钢市场震荡调整运行，部分钢厂涨跌互现。其中华东地区多数钢厂持稳运行，少数钢厂小幅上调废钢采购价格，涨幅多在10-30元/吨之间；中西南地区少数钢厂涨跌互现，调整幅度多在20-30元/吨之间。目前华东地区市场重废不含税1890-2100元/吨。

## 利润 (profit)
*   受环保限产因素制约，焦企开工率小幅下行；焦煤价格下跌让利，整体开工水平仍保持相对稳定。部分焦企通过主动降库使库存压力略有缓解，但下游采购仍较为谨慎，整体仍处于过剩水平。当前钢厂利润萎缩，对焦炭仍有控价；部分钢厂主动减产，焦炭需求进一步萎缩，钢厂采购谨慎为主。
```",6.17中联钢联合钢铁网日报,https://www.custeel.com/shouye/common/viewArticle.jsp?group=&cat=&articleID=7991583,"```markdown
# 元数据 (Metadata)
*   **标题:** 6.17中联钢联合钢铁网日报
*   **链接:** https://www.custeel.com/shouye/common/viewArticle.jsp?group=&cat=&articleID=7991583

---

## 政策 (policy)
*   生态环境部等规范锂离子电池用再生黑粉原料、再生钢铁原料进口管理有关事项的公告，其中指出为推动再生资源循环利用，规范锂离子电池用再生黑粉原料、再生钢铁原料的进口管理，现将有关事项公告如下。一、符合要求的锂离子电池用再生黑粉原料不属于固体废物，可自由进口。再生黑粉原料不能与其他种类的再生原料混装，报关时同一报关单下不允许申报不同种类的再生原料。进口再生黑粉原料不允许散装，不同类别的再生黑粉原料应分类放置。符合要求的再生钢铁原料不属于固体废物，可自由进口。再生钢铁原料不能与其他种类的再生原料混装，报关时同一报关单下不允许申报不同种类的再生原料，同一报关单下可以申报不同类别的再生钢铁原料。当不同类别的再生钢铁原料有独立包装或采取物理分隔措施，或在卸货时可以区分为不同类别的再生钢铁原料进行分类卸货，可以混装，但应分类放置。
*   唐山市发布通知，要求部分钢企在未来15天内执行A级或B级限产措施。

## 宏观 (macro)
*   国家统计局新闻发言人、国民经济综合统计司司长付凌晖在国新办发布会上表示，今年以来我国实施更加积极的宏观政策，加大逆周期调节，加快推进两重建设和两新工作，有力增强了消费的活力，带动了生产的增长，促进了转型升级，充分展现了宏观政策对稳定经济经济运行的重要作用。下阶段，我国政策工具箱的储备充足，宏观政策留有后手，可以根据形势变化动态调整、积极应对，将继续为经济的稳定运行保驾护航。
*   国家统计局：5月份，社会消费品零售总额41326亿元，同比增长6.4%。其中，除汽车以外的消费品零售额37316亿元，增长7.0%。1—5月份，社会消费品零售总额203171亿元，增长5.0%。其中，除汽车以外的消费品零售额184324亿元，增长5.6%。5月份，规模以上工业增加值同比实际增长5.8%。从环比看，5月份，规模以上工业增加值比上月增长0.61%。1—5月份，规模以上工业增加值同比增长6.3%。2025年1—5月份，全国固定资产投资191947亿元，同比增长3.7%。其中，民间固定资产投资同比持平。从环比看，5月份固定资产投资增长0.05%。
*   国家统计局数据显示：2025年5月，中国粗钢产量8655万吨，同比下降6.9%；生铁产量7411万吨，同比下降3.3%；钢材产量12743万吨，同比增长3.4%。1-5月，中国粗钢产量43163万吨，同比下降1.7%；生铁产量36274万吨，同比下降0.1%；钢材产量60582万吨，同比增长5.2%。
*   国家统计局数据显示，2025年5月份有色金属冶炼和压延加工业增加值同比增长8.1%，1-5月累计增加值同比增长7.1%；5月份十种有色金属产量为683万吨，同比增长2.9%；1-5月累计产量为3340万吨，累计同比增长2.8%。其中电解铝5月份产量为383万吨，同比增长5.0%；1-5月电解铝产量为1859万吨，累计同比增长4.0%。
*   国家统计局数据显示，原煤生产增速加快。5月份，规上工业原煤产量4.0亿吨，同比增长4.2%，增速比4月份加快0.4个百分点；日均产量1301万吨。1—5月份，规上工业原煤产量19.9亿吨，同比增长6.0%。
*   国家统计局数据显示，1-5月份，全国房地产开发投资36234亿元，同比下降10.7%（按可比口径计算，详见附注6）；其中，住宅投资27731亿元，下降10.0%。1-5月份，房地产开发企业房屋施工面积625020万平方米，同比下降9.2%。其中，住宅施工面积435354万平方米，下降9.6%。房屋新开工面积23184万平方米，下降22.8%。其中，住宅新开工面积17089万平方米，下降21.4%。房屋竣工面积18385万平方米，下降17.3%。其中，住宅竣工面积13337万平方米，下降17.6%。1-5月份，新建商品房销售面积35315万平方米，同比下降2.9%；其中住宅销售面积下降2.6%。新建商品房销售额34091亿元，下降3.8%；其中住宅销售额下降2.8%。5月末，商品房待售面积77427万平方米，比4月末减少715万平方米。其中，住宅待售面积减少439万平方米。1-5月份，房地产开发企业到位资金40232亿元，同比下降5.3%。5月份，房地产开发景气指数为93.72。
*   国家统计局数据显示，5月份，70个大中城市中，各线城市商品住宅销售价格环比下降，同比降幅继续收窄。5月份，一线城市新建商品住宅销售价格环比由上月持平转为下降0.2%。二线城市新建商品住宅销售价格环比由上月持平转为下降0.2%。三线城市新建商品住宅销售价格环比下降0.3%，降幅比上月扩大0.1个百分点。5月份，一线城市二手住宅销售价格环比下降0.7%，降幅比上月扩大0.5个百分点。二、三线城市二手住宅销售价格环比均下降0.5%，降幅均扩大0.1个百分点。 5月份，一线城市新建商品住宅销售价格同比下降1.7%，降幅比上月收窄0.4个百分点。二、三线城市新建商品住宅销售价格同比分别下降3.5%和4.9%，降幅分别收窄0.4个和0.5个百分点。5月份，一线城市二手住宅销售价格同比下降2.7%，降幅比上月收窄0.5个百分点。二、三线城市二手住宅销售价格同比分别下降6.1%和6.9%，降幅分别收窄0.4个和0.5个百分点。

## 产量 (production)
*   乘联分会数据显示，2025年5月全国皮卡生产5.17万辆，同比2024年5月增20.8%，1-5月皮卡生产25.5万辆同比增23.4%；2025年5月份皮卡市场销售5.2万辆，同比2024年5月增13.6%，环比上月降8.1%，处于近5年的高位水平。2025年1-5月份皮卡市场销售25.8万辆，同比2024年1-5月增18.2%。

## 进出口 (import_export)
*   土耳其统计局最新月度数据显示，4月份土耳其热轧卷板进口量同比下降35%，至27.65万吨。土耳其钢铁生产商协会（Turkish steel Producers ' Association）的数据显示，土耳其钢铁消费量下降也拖累了进口，4月份进口量同比下降2.9%，至300万吨。尽管同比下降67%，但中国仍是土耳其最大的热卷供应国，4月份为76,500吨，其次是埃及，为52,500吨，是之前的两倍多，俄罗斯为48,500吨，增长了30%。数据显示，其他供应商包括日本（2.46万吨）和法国（1.37万吨）。

## 价格 (price)
*   16日建筑钢材市场价格略有上涨，主要城市螺纹钢均价为3237元/吨，较上一个交易日上涨2元/吨。当日主力合约2510收盘价2990元/吨，较前一个交易日上涨29元/吨。较杭州沙钢螺纹市价3320元/吨升水344元。
*   16日热轧现货价格总体小幅上涨。全国主要城市均价3207元/吨较13日涨8元周环比跌11元，上海3180-3200元/吨较13日涨20元较上周同期稳。乐从3170-3190元/吨较13日稳较上周同期跌40元。天津3110-3130元/吨较13日涨10较上周同期跌10元。
*   16日全国主要城市冷轧板均价为3849元/吨，较上工作日涨1元/吨，较上周同期跌21元/吨。其中，上海地区市场价格鞍钢1.0冷卷3550元/吨，稳；天津天铁1.0冷卷3530元/吨，涨10元/吨；乐从柳钢1.0冷卷3630元/吨，涨10元/吨。
*   16日无取向硅钢均价4750元/吨，较昨日持稳，较上月同期下调300元/吨；取向硅钢均价13000元/吨，较昨日持稳，较上月同期下调100元/吨。
*   16日全国无缝管市场主流售价平稳，成交一般。全国33个城市108*4.5的无缝管平均售价为4248元/吨，较前一交易日降3元/吨，较上周同期降12元/吨。
*   16日不锈钢现货价格趋低运行。无锡市场方面：304冷轧太钢报价为13450元/吨，较前一交易日持稳；宏旺资源报价为12750元/吨，较前一交易日降50元/吨；304热轧报价为12300元/吨，较前一交易日降50元/吨。200系方面: 今日冷热轧价格趋低运行，目前J1四尺冷轧资源锡佛主流报至毛边7100-7450元/吨，J2J5资源走至毛边6600-6750元/吨。

## 成本 (cost)
*   16日黑色系铁矿石期货震荡调整运行，09铁矿终收704.5元/吨涨0.21%成交量53.82万日减仓1.01万手；全天成交价格环比变化不大。唐山地区价格：PB粉735元/吨，纽曼筛后块875元/吨，超特粉619元/吨，纽曼粉712元/吨；山东地区成交价格：PB粉720/719元/吨，乌精790/785元/吨。
*   16日国内焦炭市场弱势持稳。山西地区主流准一级湿熄焦出厂1030-1080元/吨，准一级干熄焦价格1245-1315元/吨。
*   16日国内钢坯市价稳中趋涨运行，成交表现一般，厂商持谨慎坚挺心态。今黑色期货盘面持红震荡高走，给予市场一定提振，活跃度有所增加，低位资源渐显放量，在此局面下，市价稳中趋涨运行。截止发稿时，唐山上调20元/吨至2920-2930元/吨，江阴报2940元/吨。
*   16日废钢市场震荡调整运行，部分钢厂涨跌互现。其中华东地区多数钢厂持稳运行，少数钢厂小幅上调废钢采购价格，涨幅多在10-30元/吨之间；中西南地区少数钢厂涨跌互现，调整幅度多在20-30元/吨之间。目前华东地区市场重废不含税1890-2100元/吨。

## 利润 (profit)
*   受环保限产因素制约，焦企开工率小幅下行；焦煤价格下跌让利，整体开工水平仍保持相对稳定。部分焦企通过主动降库使库存压力略有缓解，但下游采购仍较为谨慎，整体仍处于过剩水平。当前钢厂利润萎缩，对焦炭仍有控价；部分钢厂主动减产，焦炭需求进一步萎缩，钢厂采购谨慎为主。

## 市场情绪 (market_sentiment)
*   今日市场价格反弹幅度较大，全天振幅较小，表现较为强势。主要原因是6月13日召开的国务院常务会议提出，要对全国房地产已供土地和在建项目进行摸底，进一步优化现有政策，提升政策实施的系统性有效性，多管齐下稳定预期、激活需求、优化供给、化解风险，更大力度推动房地产市场止跌回稳。有分析称，对已供应土地、在建项目进行摸底，是进一步优化已出台政策的关键一步。未来有关部门及各地有望在进一步加大政策力度的同时，提升政策实施的精准性、有效性。预计明日螺纹钢仍有上涨空间。
*   今日钢材现货成交整体一般，近期钢材持续收基差，淡季特征明显，市场买跌不买涨，低价成交为主，涨价后成交偏弱。今天5月份宏观经济数据公布房地产需求继续持弱，高温梅雨和中高考限制工地需求，总体需求表现一般。但受能源价格的强力带动下，双焦顺势回升，钢材期货普遍上涨，热轧期货同步上行。短期价格仍将震荡运行。
*   期货盘面震荡走强，冷轧现货市场价格稳中有涨，终端采购多按刚需补库，总体市场成交有所好转，区域间成交表现存在差异，多地商家持稳出货为主。目前来看，受期货波动影响，需求端阶段性释放，而伴随生产淡季影响，需求释放难有持续性释放，基于当前价格处于较低水平，库存暂未有明显压力下，商家持谨慎心态，价格操作空间相对有限。
*   今日硅钢市场价格持稳观望运行。主流钢厂出台7月份硅钢期货价格政策，继续平盘，实际订货优惠增加，从钢厂出台价格政策可以看出，钢厂对后市持悲观态势。下游方面，目前仍在生产淡季，家电厂采购积极性较低。所以预计短期内国内无取向硅钢市场或将稳中偏弱运行为主。
*   今日市场多数资源价格趋低调整，行情偏弱，市场出货偏慢，预计近期市场将趋低调整。
*   今日期货以及钢坯售价均呈现上涨的态势，有利于无缝管市场成交，今日全国124家无缝管贸易商样本企业成交总量为14827吨，日环比增长0.5%，年同比增长2.5%。从区域来看，除华东、西南区域成交量有所下降外，其余区域均有增长。预计近期全国地区无缝管价格或窄幅震荡运行。
*   目前铁矿自身基本面相对中性，叠加钢厂利润仍维持，原料端需求有阶段性支撑，但市场预期仍偏谨慎。后期关注宏观面消息以及下游成材需求情况如何。综合来看，预计短期内铁矿石市场或震荡运行为主。
*   综合来看，焦炭供需格局维持偏宽松状态，短期焦炭市场弱势持稳运行。后期继续关注钢厂生产、焦煤价格走势、焦炭供需情况、焦钢利润等对焦炭市场的影响。
*   从目前行情来看，国际地缘政治因素推动原油上涨，间接带动黑色系商品，叠加钢坯现货市场呈现""强现实""特征，底部抗跌性较强。然季节性需求淡季依旧制约价格上涨空间，市场对高位价格仍存谨慎心态。短期来看，预计近期市场呈现先涨后趋弱的走势。
*   今黑色系期货表现偏强运行，成品材及钢坯现货价格小幅拉涨，市场信心有所提振。目前废钢基地仍维持快进快出操作，钢厂到货情况整体不一。考虑到钢厂利润空间偏低，加之废钢性价比不占有所，钢厂多按需采废，废钢持续上涨压力较大。预计短期废钢市场或窄幅震荡运行。

---
```"
"```markdown
# 元数据 (Metadata)
*   **标题:** 6.16中联钢联合钢铁网日报
*   **链接:** https://www.custeel.com/shouye/common/viewArticle.jsp?group=&cat;&articleID=7990257

---

## 政策 (policy)
*   国务院总理李强主持召开国务院常务会议，部署中国（上海）自由贸易试验区试点措施复制推广工作，听取构建房地产发展新模式和推进好房子建设有关情况汇报。
*   中国证监会公布《期货市场程序化交易管理规定（试行）》，自2025年10月9日起施行。
*   商务部国际贸易谈判副代表李詠箑在国新办新闻发布会上表示，商务部将进一步扩大开放，放宽外资市场准入。
*   山西阳泉市发展和改革委员会、能源局制定了《阳泉市能源领域碳达峰实施方案》，其中提到，扛牢能源保供政治责任，合理控制全市煤炭生产总量。
*   《广州市提振消费专项行动实施方案（征求意见稿）》公开征求意见。其中提到，有序减少消费限制。优化房地产政策，全面取消限购、限售、限价，降低贷款首付比例和利率。

## 宏观 (macro)
*   央行公告，为保持银行体系流动性充裕，2025年6月16日，中国人民银行将以固定数量、利率招标、多重价位中标方式开展4000亿元买断式逆回购操作，期限为6个月（182天）。
```","```markdown
# 元数据 (Metadata)
*   **标题:** 6.16中联钢联合钢铁网日报
*   **链接:** https://www.custeel.com/shouye/common/viewArticle.jsp?group=&cat;&articleID=7990257

---

## 产量 (production)
*   4月份，宝武马钢炼铁厂1号高炉日均出铁时间首次突破1440分钟，首次实现2500立方米高炉“负间隔出铁”。
*   2025年5月印度粗钢产量达到1351万吨，同比增长9.5%，显示出该国钢铁行业产能持续释放。

## 进出口 (import_export)
*   5月印度成品钢进口量却出现明显下滑，同比大幅减少40.7%，降至约42.8万吨。
*   印度成品钢出口形势也不容乐观。数据显示，印度已连续六个月出口同比下滑。2025年5月出口量同比减少9.1%，降至39.1万吨。

## 库存 (inventory)
*   本周社会库存近268万吨，环比增4万吨，连续3周大幅回落后连续两周显增。
*   本周无缝管产量36.96万吨，周环比减0.12万吨，月同比增0.01万吨；产能利用率80.31%，周环比下降0.26%，月同比增0.02%；开工率58.18%，周环比降0.91%，月同比降1.82；厂内库存69.78万吨，周环比增3.1万吨，月同比增7.14万吨。
```","```markdown
# 元数据 (Metadata)
*   **标题:** 6.16中联钢联合钢铁网日报
*   **链接:** https://www.custeel.com/shouye/common/viewArticle.jsp?group=&cat;&articleID=7990257

---

## 市场情绪 (market_sentiment)
*   建筑钢材市场价格呈现窄幅振荡趋势，主要原因是市场中没有能刺激价格上涨的因素。
*   市场心态保持中性偏弱，短期价格仍将震荡偏弱为主。
*   现货市场商家心态普遍偏谨慎观望。
*   主流钢厂宝武集团出台7月份期货价格政策，继续平盘，可以看出钢厂对后市也偏谨慎。
```","```markdown
# 元数据 (Metadata)
*   **标题:** 6.16中联钢联合钢铁网日报
*   **链接:** https://www.custeel.com/shouye/common/viewArticle.jsp?group=&cat;&articleID=7990257

---

## 价格 (price)
*   本周国内建筑钢材价格跌幅较大。今日主要城市螺纹钢均价为3235元/吨，较上周下跌5元/吨。
*   本周热轧现货整体小幅回落。截止6月13日重点城市热轧平均价格3199元较上周同期跌25元。
*   本周冷轧市场震荡偏弱运行，国内重点城市冷轧板日均价3848元/吨，较上周跌26元/吨，较上月同期跌135元/吨。
*   本周硅钢市场中无取向价格继续弱势，取向硅钢市场震荡偏稳。截止今日，无取向硅钢均价4750元/吨，较上周五持稳平，较上月同期下调300元/吨；取向硅钢均价13000元/吨，较上周五持平，较上月同期下调100元/吨。
*   本周无缝管市场价格小幅疲软，成交一般。33个城市108*4.5的无缝管均值为4251元/吨，较上周同期降18元/吨，较上月同期降43元/吨。
*   本周不锈钢行情继续走低。截止收稿，无锡市场方面：304冷轧太钢报价为13450元/吨；宏旺2.0资源报价为12800元/吨；304热轧3.0报价为12350元/吨。

## 成本 (cost)
*   本周进口矿现货市场震荡偏弱调整运行，整体价格重心环比小幅趋弱。
*   本周国内焦炭市场价格降后持稳，山西地区主流准一级湿熄焦出厂1030-1080元/吨，准一级干熄焦价格1245-1315元/吨。
*   本周国内钢坯市价小幅波动运行，成交表现一般偏弱。
*   本周废钢市场震荡调整运行。

## 利润 (profit)
*   钢厂当前利润尚可，所以价格有一定支撑。
```",6.16中联钢联合钢铁网日报,https://www.custeel.com/shouye/common/viewArticle.jsp?group=&cat=&articleID=7990257,"```markdown
# 元数据 (Metadata)
*   **标题:** 6.16中联钢联合钢铁网日报
*   **链接:** https://www.custeel.com/shouye/common/viewArticle.jsp?group=&cat=&articleID=7990257

---

## 政策 (policy)
*   国务院总理李强主持召开国务院常务会议，部署中国（上海）自由贸易试验区试点措施复制推广工作，听取构建房地产发展新模式和推进好房子建设有关情况汇报。
*   中国证监会公布《期货市场程序化交易管理规定（试行）》，自2025年10月9日起施行。
*   商务部国际贸易谈判副代表李詠箑在国新办新闻发布会上表示，商务部将进一步扩大开放，放宽外资市场准入。
*   山西阳泉市发展和改革委员会、能源局制定了《阳泉市能源领域碳达峰实施方案》，其中提到，扛牢能源保供政治责任，合理控制全市煤炭生产总量。
*   《广州市提振消费专项行动实施方案（征求意见稿）》公开征求意见。其中提到，有序减少消费限制。优化房地产政策，全面取消限购、限售、限价，降低贷款首付比例和利率。

## 宏观 (macro)
*   央行公告，为保持银行体系流动性充裕，2025年6月16日，中国人民银行将以固定数量、利率招标、多重价位中标方式开展4000亿元买断式逆回购操作，期限为6个月（182天）。

## 产量 (production)
*   4月份，宝武马钢炼铁厂1号高炉日均出铁时间首次突破1440分钟，首次实现2500立方米高炉“负间隔出铁”。
*   2025年5月印度粗钢产量达到1351万吨，同比增长9.5%，显示出该国钢铁行业产能持续释放。

## 进出口 (import_export)
*   5月印度成品钢进口量却出现明显下滑，同比大幅减少40.7%，降至约42.8万吨。
*   印度成品钢出口形势也不容乐观。数据显示，印度已连续六个月出口同比下滑。2025年5月出口量同比减少9.1%，降至39.1万吨。

## 价格 (price)
*   本周国内建筑钢材价格跌幅较大。今日主要城市螺纹钢均价为3235元/吨，较上周下跌5元/吨。
*   本周热轧现货整体小幅回落。截止6月13日重点城市热轧平均价格3199元较上周同期跌25元。
*   本周冷轧市场震荡偏弱运行，国内重点城市冷轧板日均价3848元/吨，较上周跌26元/吨，较上月同期跌135元/吨。
*   本周硅钢市场中无取向价格继续弱势，取向硅钢市场震荡偏稳。截止今日，无取向硅钢均价4750元/吨，较上周五持稳平，较上月同期下调300元/吨；取向硅钢均价13000元/吨，较上周五持平，较上月同期下调100元/吨。
*   本周无缝管市场价格小幅疲软，成交一般。33个城市108*4.5的无缝管均值为4251元/吨，较上周同期降18元/吨，较上月同期降43元/吨。
*   本周不锈钢行情继续走低。截止收稿，无锡市场方面：304冷轧太钢报价为13450元/吨；宏旺2.0资源报价为12800元/吨；304热轧3.0报价为12350元/吨。

## 库存 (inventory)
*   本周社会库存近268万吨，环比增4万吨，连续3周大幅回落后连续两周显增。
*   本周无缝管产量36.96万吨，周环比减0.12万吨，月同比增0.01万吨；产能利用率80.31%，周环比下降0.26%，月同比增0.02%；开工率58.18%，周环比降0.91%，月同比降1.82；厂内库存69.78万吨，周环比增3.1万吨，月同比增7.14万吨。

## 成本 (cost)
*   本周进口矿现货市场震荡偏弱调整运行，整体价格重心环比小幅趋弱。
*   本周国内焦炭市场价格降后持稳，山西地区主流准一级湿熄焦出厂1030-1080元/吨，准一级干熄焦价格1245-1315元/吨。
*   本周国内钢坯市价小幅波动运行，成交表现一般偏弱。
*   本周废钢市场震荡调整运行。

## 利润 (profit)
*   钢厂当前利润尚可，所以价格有一定支撑。

## 市场情绪 (market_sentiment)
*   建筑钢材市场价格呈现窄幅振荡趋势，主要原因是市场中没有能刺激价格上涨的因素。
*   市场心态保持中性偏弱，短期价格仍将震荡偏弱为主。
*   现货市场商家心态普遍偏谨慎观望。
*   主流钢厂宝武集团出台7月份期货价格政策，继续平盘，可以看出钢厂对后市也偏谨慎。
```"
"```markdown
# 元数据 (Metadata)
*   **标题:** 6.13中联钢联合钢铁网日报
*   **链接:** https://www.custeel.com/shouye/common/viewArticle.jsp?group=&cat;&articleID=7988842

---

## 宏观 (macro)
*   美国5月PPI同比增长2.6%，符合预期，前值增长2.4%。美国5月核心PPI同比增长3%，低于预期值3.1%，前值为3.1%。
*   欧洲央行管委Simkus：欧洲央行已经达到中性利率水平。由于通胀低于预期的风险增加，利率可能仍需下调。
*   商务部新闻发言人何亚东表示，中国作为负责任大国，充分考虑各国在民用领域的合理需求与关切，依法依规对稀土相关物项出口许可申请进行审查，已经依法批准一定数量的合规申请，并将持续加强合规申请的审批工作。
*   中国人民银行、国家外汇局联合印发《关于金融支持福建探索海峡两岸融合发展新路建设两岸融合发展示范区的若干措施》。
*   央行公告，2025年6月12日，中国人民银行以固定利率、数量招标方式开展了1193亿元逆回购操作，操作利率为1.40%，投标量和中标量均为1193亿元。
*   工业和信息化部相关负责人表示，汽车企业主动承诺“支付账期不超过60天”，是积极响应国家号召、践行社会责任与企业担当的体现，对构建“整车—零部件”协作共赢发展生态具有重要意义。
*   国家发展改革委副主任李春临在国新办新闻发布会上表示，从金融、技术、数据等要素赋能实体经济的角度来看，《关于深入推进深圳综合改革试点深化改革创新扩大开放的意见》推出了深化金融市场等改革举措，支持符合条件的香港联合交易所上市公司在深圳证券交易所发行上市存托凭证，允许符合条件、在香港联合交易所上市且在境内注册的粤港澳大湾区企业在深圳证券交易所上市。
*   广西壮族自治区人民政府办公厅印发《广西提振消费专项行动实施方案》，其中提出，持续开展“好房子·悦生活”住房促消费活动。推动“房票”安置取得更大进展。落实好住房交易税收优惠政策。支持提取公积金支付购房首付款的同时申请住房公积金个人住房贷款。推进灵活就业人员参加住房公积金制度。统筹盘活各类房源，拓宽收购房源用途，用好专项债券、保障性住房再贷款等政策工具，2025年力争收购存量商品房2.5万套。
```","```markdown
# 元数据 (Metadata)
*   **标题:** 6.13中联钢联合钢铁网日报
*   **链接:** https://www.custeel.com/shouye/common/viewArticle.jsp?group=&cat=&articleID=7988842

---

## 产量 (production)
*   鞍钢集团攀钢在高氮无磁钢制备领域取得了重大突破，成功制备出最高氮含量达0.7%的高氮无磁钢，打破了此前在高端高氮无磁钢制备方面的技术瓶颈，并打通了该系列材料的全流程制备工艺‌。

---

## 进出口 (import_export)
*   2025年4月，俄罗斯对土耳其的黑色金属出口显著增长，同比增长达1.5倍。据土耳其统计局数据显示，当月出口额达2.536亿美元，创下自2024年12月以来的最高水平，环比增长23.4%，显示出土耳其市场对俄罗斯金属产品的持续需求。2025年前四个月，俄罗斯对土耳其的黑色金属累计出口总额已超过9.22亿美元，同比增加约25%。其中，主要出口品类包括价值约1.06亿美元的钢铁半成品、7450万美元的初级生铁，以及1940万美元的黑色金属废料与废钢。此外，出口中还包括630万美元的铁合金和4490万美元的各类扁平轧制产品，占比也较为可观。截至4月底，俄罗斯稳居土耳其第一大钢铁供应国，领先于荷兰（1.376亿美元）、美国（1.366亿美元）、德国（9980万美元）和英国（9680万美元）。

---

## 库存 (inventory)
*   统计数据显示，较上周冷轧库存微增，库存压力暂不明显。
```","```markdown
# 元数据 (Metadata)
*   **标题:** 6.13中联钢联合钢铁网日报
*   **链接:** https://www.custeel.com/shouye/common/viewArticle.jsp?group=&cat;&articleID=7988842

---

## 需求 (demand)
*   本周建筑工地资金到位率小幅回落，环比减少0.1个百分点至59.03%。其中，非房建项目资金到位率为61%，自4个月高位回落0.01个百分点，房建项目资金到位率则续降0.66%至49.19%，达两个月低位，对建筑钢材需求支撑并不十分强劲。
*   今日钢材现货成交整体偏弱，价格跟随盘面回落，市场情绪转弱，乐从价格转弱明显，跌价收基差。本周数据板材产量下降同时库存环比回升，代表当前需求较弱，对社会资源的消化情况不佳，市场价格受期货带动明显下降。
*   期货盘面震荡走弱，冷轧现货市场价格稳中有降，终端采购多进行低价刚需补库，总体市场成交表现较差，多地市场价格议价或优惠出货，降幅相对有限。
*   市场进入高供应低需求阶段，若无大规模需求释放或政策刺激，市场难改疲态。现货市场观望情绪浓厚，下游订单零星采购，询单量不高，市场心态不佳。
*   今日市场多数资源价格暂稳观望，期货盘面震荡飘红，市场出货偏慢，预计近期市场将趋低调整。
*   今日盘面小幅震荡偏弱，贸易商出货为主，市场活跃度积极性一般，钢厂买盘相对不积极。
*   当前钢厂利润萎缩，对焦炭仍有控价，且多数企业原料库存处于合理偏高水平，实际采购较为低迷。
*   近日市场心态整体较为谨慎，基地多维持快进快出操作来规避风险。钢厂方面也多维持低库存操作，对废钢需求整体一般。

---

## 市场情绪 (market_sentiment)
*   今日市场观望情绪增加，随着中美第二次会谈结果的公布，并无新的协议达成，而主要是敲定日内瓦会谈的协议内容，这样低于预期的结果使市场情绪有所降温。
*   短期宏观利好和季节性需求走弱对价格支撑不足，仍将维持震荡偏弱的态势。
*   受期货波动影响，需求端阶段性释放，而伴随生产淡季影响，需求释放难有持续性释放，价格方面易跌难涨，商家谨慎操作为主。
*   主流钢厂出台7月份期货价格政策继续平盘，可以看出钢厂对后市持悲观态势。
*   当前多空继续博弈运行，大宗商品市场维持窄幅震荡调整走势，受传统需求淡季预期影响，市场参与者信心依旧不足，但底部尚存一定抗跌性，故厂商继续维持谨慎偏悲观心态。
*   综合预计近期市价或呈现小幅震荡的运行态势，市场整体维持弱平衡状态。
```","```markdown
# 元数据 (Metadata)
*   **标题:** 6.13中联钢联合钢铁网日报
*   **链接:** https://www.custeel.com/shouye/common/viewArticle.jsp?group=&cat=&articleID=7988842

---

## 价格 (price)
*   12日建筑钢材市场价格略有上涨，主要城市螺纹钢均价为3246元/吨，较上一个交易日上涨2元/吨。当日主力合约2510收盘价2968元/吨，较前一个交易日下跌21元/吨。较杭州沙钢螺纹市价3310元/吨升水335元。
*   12日热轧现货价格总体小幅回落。全国主要城市均价3214元/吨较11日跌6元周环比涨2元，上海3180-3200元/吨较11日稳较上周同期涨20元，乐从3200-3210元/吨较11日跌30元较上周同期跌10元。天津3120-3140元/吨较11日跌10较上周同期稳。
*   12日全国主要城市冷轧板均价为3864元/吨，较上工作日跌5元/吨，较上周同期跌9元/吨。其中，上海地区市场价格鞍钢1.0冷卷3570元/吨，跌10元/吨；天津天铁1.0冷卷3530元/吨，稳；乐从柳钢1.0冷卷3630元/吨，跌20元/吨。
*   12日无取向硅钢均价4750元/吨，较昨日持稳，较上月同期下调300元/吨；取向硅钢均价13000元/吨，较昨日持稳，较上月同期下调100元/吨。
*   12日全国无缝管市场主流售价，成交一般。全国33个城市108*4.5的无缝管平均售价为4251元/吨，较前一交易日持平，较上周同期降21元/吨。
*   12日不锈钢现货价格持稳。无锡市场方面：304冷轧太钢报价为13450元/吨，较前一交易日持稳；宏旺资源报价为12800元/吨，较前一交易日持稳；304热轧报价为12350元/吨，较前一交易日持稳。
*   12日黑色系铁矿石期货震荡偏弱调整运行，09铁矿终收704元/吨跌0.21%成交量34.71万日减仓1.25万手；全天成交价格环比小幅下降1-3元/吨。唐山地区价格：PB粉738元/吨，金布巴粉683元/吨；天津地区成交价格：麦克粉712元/吨；山东地区成交价格：PB粉724元/吨，金布巴粉667元/吨。
*   12日国内钢坯市价小幅调整运行，成交较昨偏弱，市场观望气氛增加。今黑色期货盘面震荡低走，市场活跃度降低，观望局面有所增加，各品种成交有限，受此影响，市价逐步回落调整运行。截止发稿时，唐山降30元/吨至2890-2900元/吨，江阴降20元/吨至2950元/润。
*   12日废钢市场延续震荡调整运行。其中华东地区钢厂多持稳运行；华北地区部分钢厂小幅上调采废价格，涨幅在10-30元/吨之间；华南地区部分钢厂小幅下调，跌幅在10-20元/吨。目前华东地区市场重废不含税1890-2100元/吨。

## 成本 (cost)
*   原料方面，今日管坯市场售价平稳，个别市场有10元/吨左右的上涨，连铸管坯出厂售价约3150-3300元/吨左右，热轧坯市场售价3200元/吨左右。管厂方面，山东无缝管出厂售价平稳，山东一道次冷拔管出厂4580元/吨，热轧管出厂3980元/吨，聊城厚壁管出厂3800-3850元/吨。
*   12日国内焦炭市场弱势持稳。山西地区主流准一级湿熄焦出厂1030-1080元/吨，准一级干熄焦价格1245-1315元/吨。

## 利润 (profit)
*   目前焦企利润空间持续压缩，部分亏损焦企有小幅减产，多数保持正常生产状态，产量维稳；焦企出货滞缓，库存积压明显，焦炭供应趋于宽松。
```",6.13中联钢联合钢铁网日报,https://www.custeel.com/shouye/common/viewArticle.jsp?group=&cat=&articleID=7988842,"```markdown
# 元数据 (Metadata)
*   **标题:** 6.13中联钢联合钢铁网日报
*   **链接:** https://www.custeel.com/shouye/common/viewArticle.jsp?group=&cat=&articleID=7988842

---

## 宏观 (macro)
*   美国5月PPI同比增长2.6%，符合预期，前值增长2.4%。美国5月核心PPI同比增长3%，低于预期值3.1%，前值为3.1%。
*   欧洲央行管委Simkus：欧洲央行已经达到中性利率水平。由于通胀低于预期的风险增加，利率可能仍需下调。
*   商务部新闻发言人何亚东表示，中国作为负责任大国，充分考虑各国在民用领域的合理需求与关切，依法依规对稀土相关物项出口许可申请进行审查，已经依法批准一定数量的合规申请，并将持续加强合规申请的审批工作。
*   中国人民银行、国家外汇局联合印发《关于金融支持福建探索海峡两岸融合发展新路建设两岸融合发展示范区的若干措施》。
*   央行公告，2025年6月12日，中国人民银行以固定利率、数量招标方式开展了1193亿元逆回购操作，操作利率为1.40%，投标量和中标量均为1193亿元。
*   工业和信息化部相关负责人表示，汽车企业主动承诺“支付账期不超过60天”，是积极响应国家号召、践行社会责任与企业担当的体现，对构建“整车—零部件”协作共赢发展生态具有重要意义。
*   国家发展改革委副主任李春临在国新办新闻发布会上表示，从金融、技术、数据等要素赋能实体经济的角度来看，《关于深入推进深圳综合改革试点深化改革创新扩大开放的意见》推出了深化金融市场等改革举措，支持符合条件的香港联合交易所上市公司在深圳证券交易所发行上市存托凭证，允许符合条件、在香港联合交易所上市且在境内注册的粤港澳大湾区企业在深圳证券交易所上市。
*   广西壮族自治区人民政府办公厅印发《广西提振消费专项行动实施方案》，其中提出，持续开展“好房子·悦生活”住房促消费活动。推动“房票”安置取得更大进展。落实好住房交易税收优惠政策。支持提取公积金支付购房首付款的同时申请住房公积金个人住房贷款。推进灵活就业人员参加住房公积金制度。统筹盘活各类房源，拓宽收购房源用途，用好专项债券、保障性住房再贷款等政策工具，2025年力争收购存量商品房2.5万套。

---

## 产量 (production)
*   鞍钢集团攀钢在高氮无磁钢制备领域取得了重大突破，成功制备出最高氮含量达0.7%的高氮无磁钢，打破了此前在高端高氮无磁钢制备方面的技术瓶颈，并打通了该系列材料的全流程制备工艺‌。

---

## 进出口 (import_export)
*   2025年4月，俄罗斯对土耳其的黑色金属出口显著增长，同比增长达1.5倍。据土耳其统计局数据显示，当月出口额达2.536亿美元，创下自2024年12月以来的最高水平，环比增长23.4%，显示出土耳其市场对俄罗斯金属产品的持续需求。2025年前四个月，俄罗斯对土耳其的黑色金属累计出口总额已超过9.22亿美元，同比增加约25%。其中，主要出口品类包括价值约1.06亿美元的钢铁半成品、7450万美元的初级生铁，以及1940万美元的黑色金属废料与废钢。此外，出口中还包括630万美元的铁合金和4490万美元的各类扁平轧制产品，占比也较为可观。截至4月底，俄罗斯稳居土耳其第一大钢铁供应国，领先于荷兰（1.376亿美元）、美国（1.366亿美元）、德国（9980万美元）和英国（9680万美元）。

---

## 价格 (price)
*   12日建筑钢材市场价格略有上涨，主要城市螺纹钢均价为3246元/吨，较上一个交易日上涨2元/吨。当日主力合约2510收盘价2968元/吨，较前一个交易日下跌21元/吨。较杭州沙钢螺纹市价3310元/吨升水335元。
*   12日热轧现货价格总体小幅回落。全国主要城市均价3214元/吨较11日跌6元周环比涨2元，上海3180-3200元/吨较11日稳较上周同期涨20元，乐从3200-3210元/吨较11日跌30元较上周同期跌10元。天津3120-3140元/吨较11日跌10较上周同期稳。
*   12日全国主要城市冷轧板均价为3864元/吨，较上工作日跌5元/吨，较上周同期跌9元/吨。其中，上海地区市场价格鞍钢1.0冷卷3570元/吨，跌10元/吨；天津天铁1.0冷卷3530元/吨，稳；乐从柳钢1.0冷卷3630元/吨，跌20元/吨。
*   12日无取向硅钢均价4750元/吨，较昨日持稳，较上月同期下调300元/吨；取向硅钢均价13000元/吨，较昨日持稳，较上月同期下调100元/吨。
*   12日全国无缝管市场主流售价，成交一般。全国33个城市108*4.5的无缝管平均售价为4251元/吨，较前一交易日持平，较上周同期降21元/吨。
*   12日不锈钢现货价格持稳。无锡市场方面：304冷轧太钢报价为13450元/吨，较前一交易日持稳；宏旺资源报价为12800元/吨，较前一交易日持稳；304热轧报价为12350元/吨，较前一交易日持稳。
*   12日黑色系铁矿石期货震荡偏弱调整运行，09铁矿终收704元/吨跌0.21%成交量34.71万日减仓1.25万手；全天成交价格环比小幅下降1-3元/吨。唐山地区价格：PB粉738元/吨，金布巴粉683元/吨；天津地区成交价格：麦克粉712元/吨；山东地区成交价格：PB粉724元/吨，金布巴粉667元/吨。
*   12日国内钢坯市价小幅调整运行，成交较昨偏弱，市场观望气氛增加。今黑色期货盘面震荡低走，市场活跃度降低，观望局面有所增加，各品种成交有限，受此影响，市价逐步回落调整运行。截止发稿时，唐山降30元/吨至2890-2900元/吨，江阴降20元/吨至2950元/润。
*   12日废钢市场延续震荡调整运行。其中华东地区钢厂多持稳运行；华北地区部分钢厂小幅上调采废价格，涨幅在10-30元/吨之间；华南地区部分钢厂小幅下调，跌幅在10-20元/吨。目前华东地区市场重废不含税1890-2100元/吨。

---

## 需求 (demand)
*   本周建筑工地资金到位率小幅回落，环比减少0.1个百分点至59.03%。其中，非房建项目资金到位率为61%，自4个月高位回落0.01个百分点，房建项目资金到位率则续降0.66%至49.19%，达两个月低位，对建筑钢材需求支撑并不十分强劲。
*   今日钢材现货成交整体偏弱，价格跟随盘面回落，市场情绪转弱，乐从价格转弱明显，跌价收基差。本周数据板材产量下降同时库存环比回升，代表当前需求较弱，对社会资源的消化情况不佳，市场价格受期货带动明显下降。
*   期货盘面震荡走弱，冷轧现货市场价格稳中有降，终端采购多进行低价刚需补库，总体市场成交表现较差，多地市场价格议价或优惠出货，降幅相对有限。
*   市场进入高供应低需求阶段，若无大规模需求释放或政策刺激，市场难改疲态。现货市场观望情绪浓厚，下游订单零星采购，询单量不高，市场心态不佳。
*   今日市场多数资源价格暂稳观望，期货盘面震荡飘红，市场出货偏慢，预计近期市场将趋低调整。
*   今日盘面小幅震荡偏弱，贸易商出货为主，市场活跃度积极性一般，钢厂买盘相对不积极。
*   当前钢厂利润萎缩，对焦炭仍有控价，且多数企业原料库存处于合理偏高水平，实际采购较为低迷。
*   近日市场心态整体较为谨慎，基地多维持快进快出操作来规避风险。钢厂方面也多维持低库存操作，对废钢需求整体一般。

---

## 库存 (inventory)
*   统计数据显示，较上周冷轧库存微增，库存压力暂不明显。

---

## 成本 (cost)
*   原料方面，今日管坯市场售价平稳，个别市场有10元/吨左右的上涨，连铸管坯出厂售价约3150-3300元/吨左右，热轧坯市场售价3200元/吨左右。管厂方面，山东无缝管出厂售价平稳，山东一道次冷拔管出厂4580元/吨，热轧管出厂3980元/吨，聊城厚壁管出厂3800-3850元/吨。
*   12日国内焦炭市场弱势持稳。山西地区主流准一级湿熄焦出厂1030-1080元/吨，准一级干熄焦价格1245-1315元/吨。

---

## 利润 (profit)
*   目前焦企利润空间持续压缩，部分亏损焦企有小幅减产，多数保持正常生产状态，产量维稳；焦企出货滞缓，库存积压明显，焦炭供应趋于宽松。

---

## 市场情绪 (market_sentiment)
*   今日市场观望情绪增加，随着中美第二次会谈结果的公布，并无新的协议达成，而主要是敲定日内瓦会谈的协议内容，这样低于预期的结果使市场情绪有所降温。
*   短期宏观利好和季节性需求走弱对价格支撑不足，仍将维持震荡偏弱的态势。
*   受期货波动影响，需求端阶段性释放，而伴随生产淡季影响，需求释放难有持续性释放，价格方面易跌难涨，商家谨慎操作为主。
*   主流钢厂出台7月份期货价格政策继续平盘，可以看出钢厂对后市持悲观态势。
*   当前多空继续博弈运行，大宗商品市场维持窄幅震荡调整走势，受传统需求淡季预期影响，市场参与者信心依旧不足，但底部尚存一定抗跌性，故厂商继续维持谨慎偏悲观心态。
*   综合预计近期市价或呈现小幅震荡的运行态势，市场整体维持弱平衡状态。
```"
"```markdown
# 元数据 (Metadata)
*   **标题:** 6.12中联钢联合钢铁网日报
*   **链接:** https://www.custeel.com/shouye/common/viewArticle.jsp?group=&cat=&articleID=7987545

---

## 宏观 (macro)
*   美国5月未季调CPI年率 2.4%，预期2.50%，前值2.30%；月率 0.1%，预期0.20%，前值0.20%。美国5月未季调核心CPI年率 2.8%，预期2.90%，前值2.80%；月率 0.1%，预期0.30%，前值0.20%。
*   当地时间6月9日至10日，中美经贸磋商机制首次会议在英国伦敦举行。中美双方进行了坦诚、深入的对话，就各自关心的经贸议题深入交换意见，就落实两国元首6月5日通话重要共识和巩固日内瓦经贸会谈成果的措施框架达成原则一致，就解决彼此经贸关切取得新进展。

## 政策 (policy)
*   人民银行上海市分行、市生态环境局、市委金融办等九部门联合印发《关于发挥国际绿色金融枢纽作用 助力美丽上海建设的通知》，提出要加大重点领域的金融支持力度，鼓励金融机构聚焦“美丽中国先行区”建设，稳步扩大绿色贷款和转型贷款规模；支持本市各区、各产业园区积极开展减污降碳协同创新工作；完善绿色金融产融合作部门协同机制，加强投招贷联动；推动绿色建筑标准与绿色信贷标准有效衔接；探索上海生态环保项目金融支持模式，持续建设上海绿色金融服务平台，完善上海绿色项目库；加大节水领域融资支持力度，支持节水产业发展。
*   市场监管总局办公厅发布关于进一步做好住宅老旧电梯更新有关工作的通知，各地市场监管部门要督促电梯制造单位切实落实生产主体责任，为住宅老旧电梯更新提供质量过硬、价格合理、售后优质的电梯产品。一要严格选型配置。二要合理节约利旧。三要强化质量保障。更新电梯在质量保证期限内存在质量问题的，电梯制造单位应当负责免费修理或者免费更换。鼓励电梯生产单位提供整机质保和长期全包维保不低于5年的售后服务。
*   国家能源局在京召开《关于深化提升“获得电力”服务水平 全面打造现代化用电营商环境的意见》政策宣贯会。会议要求，各地能源（电力）主管部门、供电企业要将文件落地落实作为未来五年做好供电服务工作的中心任务，切实以“五化”（基本建成办电便捷化、供电高质化、用电绿色化、服务普惠化、监管协同化的现代化用电营商环境）目标为牵引，推进“三个一批”（打造一批具有较强国际竞争优势的用电营商环境一流城市，建设一批具有引领示范作用的用电营商环境标杆地区，发展一批具有区域影响力的用电营商环境特色城镇和乡村）建设，带动全国“获得电力”服务水平整体提升。
*   广东省人民政府办公厅印发《广东省全域“无废城市”建设工作方案》。其中提出，到2025年，全省各地级以上市全面开展“无废城市”建设，固体废物产生强度持续降低。到2027年，危险废物填埋处置量占比稳中有降，固体废物产生强度明显下降，资源化利用率明显提升。到2035年，全域建成“无废城市”，固体废物产生强度指标、循环利用水平总体居于全国前列。
*   新疆维吾尔自治区商务厅发布公告，2025年自治区商务领域消费品以旧换新补贴资金即将使用完毕。经研究决定，自治区汽车报废更新政策继续实施，汽车置换更新、家电以旧换新、手机平板智能手表（手环）购新、电动自行车以旧换新和家装厨卫“焕新”补贴政策自6月15日24:00起暂停实施。
```","```markdown
# 元数据 (Metadata)
*   **标题:** 6.12中联钢联合钢铁网日报
*   **链接:** https://www.custeel.com/shouye/common/viewArticle.jsp?group=&cat=&articleID=7987545

---

## 进出口 (import_export)
*   1至5月，汽车出口249万辆，同比增长7.9%。其中，新能源汽车出口85.5万辆，同比增长64.6%。
*   近日，敬业营口中板首次承接的66张薄规格NM450钢板生产任务圆满完成，并顺利供货美洲市场。

## 产量 (production)
*   敬业营口中板首次承接的66张薄规格NM450钢板生产任务圆满完成，并顺利供货美洲市场。此次NM450钢板的成功生产，标志着营口中板在超薄高强耐磨钢生产能力上实现了又一新突破‌。
```","```markdown
# 元数据 (Metadata)
*   **标题:** 6.12中联钢联合钢铁网日报
*   **链接:** https://www.custeel.com/shouye/common/viewArticle.jsp?group=&cat;&articleID=7987545

---

## 需求 (demand)
*   6月1-8日，全国乘用车市场零售34.3万辆，同比去年6月同期增长19%，较上月同期下降12%，今年以来累计零售915.9万辆，同比增长10%；6月1-8日，全国乘用车厂商批发31.1万辆，同比去年6月同期增长10%，较上月同期下降2%，今年以来累计批发1,110万辆，同比增长12%。
*   6月1-8日，全国乘用车新能源市场零售20.2万辆，同比去年6月同期增长40%，较上月同期增长4%，新能源市场零售渗透率58.8%，今年以来累计零售455.9万辆，同比增长34%；6月1-8日，全国乘用车厂商新能源批发16.6万辆，同比去年6月同期增长5%，较上月同期下降6%，新能源厂商批发渗透率53.5%，今年以来累计批发537.3万辆，同比增长39%。
*   1至5月份，汽车产销量分别完成1282.6万辆和1274.8万辆，同比分别增长12.7%和10.9%。其中，新能源汽车产销量分别完成569.9万辆和560.8万辆，同比分别增长45.2%和44%，新能源汽车新车销量达到汽车新车总销量的44%。在出口方面，1至5月，汽车出口249万辆，同比增长7.9%。其中，新能源汽车出口85.5万辆，同比增长64.6%。

## 市场情绪 (market_sentiment)
*   今日中美经贸磋商机制首次会议进入第二天，黑色系整体风险偏好尚可，螺纹期货盘中刷新近2周高位，尾盘有所回落。
*   受关税二轮谈判进展顺利的消息带动期货价格的上涨，终端需求淡季的背景下，终端需求持续走弱，煤价持续下跌成本支撑继续走弱，供应端处于高位，短期价格仍将总体偏弱运行。
*   随期货波动影响，需求端阶段性释放，表示当前价格处于较低水平，库存压力暂不明显，商家持谨慎心态，价格操作空间相对有限。
*   今日硅钢市场价格继续稳中偏弱运行。早盘期螺震荡趋强，厂商观望为主，主流钢厂指导价格持稳运行，现货市场价格平稳。
*   今日市场继续窄幅趋低运行，期货盘面震荡，市场出货偏慢，预计近期市场将趋低调整。
*   从目前情况来看，中美谈判释放一些信号，给予金融市场一定提振，带动市价小幅反弹运行；然淡季预期尚存，整体需求压力不变，对于后市厂商尚维持谨慎偏悲观心态，因此综合来看，预计近期市场或冲高回落运行。
*   近日受宏观利好消息影响，黑色系期货小幅反弹，成品材及钢坯现货价格随之上行，提振市场信心。
```","```markdown
# 元数据 (Metadata)
*   **标题:** 6.12中联钢联合钢铁网日报
*   **链接:** https://www.custeel.com/shouye/common/viewArticle.jsp?group=&cat;&articleID=7987545

---

## 价格 (price)
*   11日建筑钢材市场价格有所反弹，主要城市螺纹钢均价为3244元/吨，较上一个交易日上涨9元/吨。当日主力合约2510收盘价2991元/吨，较前一个交易日上涨20元/吨。较杭州沙钢螺纹市价3300元/吨升水321元。
*   11日热轧现货价格总体小幅上涨。全国主要城市均价3220元/吨较10日涨7元周环比涨12元，上海3180-3200元/吨较10日稳较上周同期稳，乐从3220-3240元/吨较10日涨10元较上周同期涨20元。天津3130-3150元/吨较10日涨10较上周同期涨10元。
*   11日全国主要城市冷轧板均价为3869元/吨，较上工作日涨1元/吨，较上周同期跌6元/吨。其中，上海地区市场价格鞍钢1.0冷卷3580元/吨，稳；天津天铁1.0冷卷3530元/吨，稳；乐从柳钢1.0冷卷3650元/吨，涨10元/吨。
*   11日无取向硅钢均价4750元/吨，较昨日持稳，较上月同期下调300元/吨；取向硅钢均价13000元/吨，较昨日持稳，较上月同期下调100元/吨。
*   11日不锈钢现货价格趋低运行。无锡市场方面：304冷轧太钢报价为13450元/吨，较前一交易日降100元/吨；宏旺资源报价为12800元/吨，较前一交易日降100元/吨；304热轧报价为12350元/吨，较前一交易日降50元/吨。

## 成本 (cost)
*   11日黑色系铁矿石期货震荡偏强运行，09铁矿终收707元/吨涨1%成交量34.71万日增仓8129手；全天成交价格环比小幅上涨5-7元/吨。唐山地区价格：PB粉740/735元/吨，纽曼粉712元/吨，混合粉664/665元/吨；山东地区成交价格：PB粉725元/吨，乌精793元/吨，卡粉817元/吨。
*   11日国内焦炭市场弱势持稳。山西地区主流准一级湿熄焦出厂1100-1150元/吨，准一级干熄焦价格1320-1390元/吨。
*   11日国内钢坯市价稳中小涨，幅度10-20元/吨，成交表现一般。今黑色期货盘面持红高走，市场活跃度增加，成交渐显放量，厂商心态有所提振，市价稳中有涨运行。截止发稿时，唐山报2920-2930元/吨，江阴报2970元/吨。
*   11日废钢市场震荡调整运行。其中华东地区多数钢厂价格保持稳定，少数钢厂小幅上调废钢采购价格，涨幅在20-30元/吨之间；华北地区部分钢厂涨跌互现，涨多跌少，调整幅度在10-20元/吨之间。目前华东地区市场重废不含税1890-2100元/吨。
```",6.12中联钢联合钢铁网日报,https://www.custeel.com/shouye/common/viewArticle.jsp?group=&cat=&articleID=7987545,"```markdown
# 元数据 (Metadata)
*   **标题:** 6.12中联钢联合钢铁网日报
*   **链接:** https://www.custeel.com/shouye/common/viewArticle.jsp?group=&cat=&articleID=7987545

---

## 宏观 (macro)
*   美国5月未季调CPI年率 2.4%，预期2.50%，前值2.30%；月率 0.1%，预期0.20%，前值0.20%。美国5月未季调核心CPI年率 2.8%，预期2.90%，前值2.80%；月率 0.1%，预期0.30%，前值0.20%。
*   当地时间6月9日至10日，中美经贸磋商机制首次会议在英国伦敦举行。中美双方进行了坦诚、深入的对话，就各自关心的经贸议题深入交换意见，就落实两国元首6月5日通话重要共识和巩固日内瓦经贸会谈成果的措施框架达成原则一致，就解决彼此经贸关切取得新进展。

## 政策 (policy)
*   人民银行上海市分行、市生态环境局、市委金融办等九部门联合印发《关于发挥国际绿色金融枢纽作用 助力美丽上海建设的通知》，提出要加大重点领域的金融支持力度，鼓励金融机构聚焦“美丽中国先行区”建设，稳步扩大绿色贷款和转型贷款规模；支持本市各区、各产业园区积极开展减污降碳协同创新工作；完善绿色金融产融合作部门协同机制，加强投招贷联动；推动绿色建筑标准与绿色信贷标准有效衔接；探索上海生态环保项目金融支持模式，持续建设上海绿色金融服务平台，完善上海绿色项目库；加大节水领域融资支持力度，支持节水产业发展。
*   市场监管总局办公厅发布关于进一步做好住宅老旧电梯更新有关工作的通知，各地市场监管部门要督促电梯制造单位切实落实生产主体责任，为住宅老旧电梯更新提供质量过硬、价格合理、售后优质的电梯产品。一要严格选型配置。二要合理节约利旧。三要强化质量保障。更新电梯在质量保证期限内存在质量问题的，电梯制造单位应当负责免费修理或者免费更换。鼓励电梯生产单位提供整机质保和长期全包维保不低于5年的售后服务。
*   国家能源局在京召开《关于深化提升“获得电力”服务水平 全面打造现代化用电营商环境的意见》政策宣贯会。会议要求，各地能源（电力）主管部门、供电企业要将文件落地落实作为未来五年做好供电服务工作的中心任务，切实以“五化”（基本建成办电便捷化、供电高质化、用电绿色化、服务普惠化、监管协同化的现代化用电营商环境）目标为牵引，推进“三个一批”（打造一批具有较强国际竞争优势的用电营商环境一流城市，建设一批具有引领示范作用的用电营商环境标杆地区，发展一批具有区域影响力的用电营商环境特色城镇和乡村）建设，带动全国“获得电力”服务水平整体提升。
*   广东省人民政府办公厅印发《广东省全域“无废城市”建设工作方案》。其中提出，到2025年，全省各地级以上市全面开展“无废城市”建设，固体废物产生强度持续降低。到2027年，危险废物填埋处置量占比稳中有降，固体废物产生强度明显下降，资源化利用率明显提升。到2035年，全域建成“无废城市”，固体废物产生强度指标、循环利用水平总体居于全国前列。
*   新疆维吾尔自治区商务厅发布公告，2025年自治区商务领域消费品以旧换新补贴资金即将使用完毕。经研究决定，自治区汽车报废更新政策继续实施，汽车置换更新、家电以旧换新、手机平板智能手表（手环）购新、电动自行车以旧换新和家装厨卫“焕新”补贴政策自6月15日24:00起暂停实施。

## 需求 (demand)
*   6月1-8日，全国乘用车市场零售34.3万辆，同比去年6月同期增长19%，较上月同期下降12%，今年以来累计零售915.9万辆，同比增长10%；6月1-8日，全国乘用车厂商批发31.1万辆，同比去年6月同期增长10%，较上月同期下降2%，今年以来累计批发1,110万辆，同比增长12%。
*   6月1-8日，全国乘用车新能源市场零售20.2万辆，同比去年6月同期增长40%，较上月同期增长4%，新能源市场零售渗透率58.8%，今年以来累计零售455.9万辆，同比增长34%；6月1-8日，全国乘用车厂商新能源批发16.6万辆，同比去年6月同期增长5%，较上月同期下降6%，新能源厂商批发渗透率53.5%，今年以来累计批发537.3万辆，同比增长39%。
*   1至5月份，汽车产销量分别完成1282.6万辆和1274.8万辆，同比分别增长12.7%和10.9%。其中，新能源汽车产销量分别完成569.9万辆和560.8万辆，同比分别增长45.2%和44%，新能源汽车新车销量达到汽车新车总销量的44%。在出口方面，1至5月，汽车出口249万辆，同比增长7.9%。其中，新能源汽车出口85.5万辆，同比增长64.6%。

## 价格 (price)
*   11日建筑钢材市场价格有所反弹，主要城市螺纹钢均价为3244元/吨，较上一个交易日上涨9元/吨。当日主力合约2510收盘价2991元/吨，较前一个交易日上涨20元/吨。较杭州沙钢螺纹市价3300元/吨升水321元。
*   11日热轧现货价格总体小幅上涨。全国主要城市均价3220元/吨较10日涨7元周环比涨12元，上海3180-3200元/吨较10日稳较上周同期稳，乐从3220-3240元/吨较10日涨10元较上周同期涨20元。天津3130-3150元/吨较10日涨10较上周同期涨10元。
*   11日全国主要城市冷轧板均价为3869元/吨，较上工作日涨1元/吨，较上周同期跌6元/吨。其中，上海地区市场价格鞍钢1.0冷卷3580元/吨，稳；天津天铁1.0冷卷3530元/吨，稳；乐从柳钢1.0冷卷3650元/吨，涨10元/吨。
*   11日无取向硅钢均价4750元/吨，较昨日持稳，较上月同期下调300元/吨；取向硅钢均价13000元/吨，较昨日持稳，较上月同期下调100元/吨。
*   11日不锈钢现货价格趋低运行。无锡市场方面：304冷轧太钢报价为13450元/吨，较前一交易日降100元/吨；宏旺资源报价为12800元/吨，较前一交易日降100元/吨；304热轧报价为12350元/吨，较前一交易日降50元/吨。

## 进出口 (import_export)
*   1至5月，汽车出口249万辆，同比增长7.9%。其中，新能源汽车出口85.5万辆，同比增长64.6%。
*   近日，敬业营口中板首次承接的66张薄规格NM450钢板生产任务圆满完成，并顺利供货美洲市场。

## 产量 (production)
*   敬业营口中板首次承接的66张薄规格NM450钢板生产任务圆满完成，并顺利供货美洲市场。此次NM450钢板的成功生产，标志着营口中板在超薄高强耐磨钢生产能力上实现了又一新突破‌。

## 成本 (cost)
*   11日黑色系铁矿石期货震荡偏强运行，09铁矿终收707元/吨涨1%成交量34.71万日增仓8129手；全天成交价格环比小幅上涨5-7元/吨。唐山地区价格：PB粉740/735元/吨，纽曼粉712元/吨，混合粉664/665元/吨；山东地区成交价格：PB粉725元/吨，乌精793元/吨，卡粉817元/吨。
*   11日国内焦炭市场弱势持稳。山西地区主流准一级湿熄焦出厂1100-1150元/吨，准一级干熄焦价格1320-1390元/吨。
*   11日国内钢坯市价稳中小涨，幅度10-20元/吨，成交表现一般。今黑色期货盘面持红高走，市场活跃度增加，成交渐显放量，厂商心态有所提振，市价稳中有涨运行。截止发稿时，唐山报2920-2930元/吨，江阴报2970元/吨。
*   11日废钢市场震荡调整运行。其中华东地区多数钢厂价格保持稳定，少数钢厂小幅上调废钢采购价格，涨幅在20-30元/吨之间；华北地区部分钢厂涨跌互现，涨多跌少，调整幅度在10-20元/吨之间。目前华东地区市场重废不含税1890-2100元/吨。

## 市场情绪 (market_sentiment)
*   今日中美经贸磋商机制首次会议进入第二天，黑色系整体风险偏好尚可，螺纹期货盘中刷新近2周高位，尾盘有所回落。
*   受关税二轮谈判进展顺利的消息带动期货价格的上涨，终端需求淡季的背景下，终端需求持续走弱，煤价持续下跌成本支撑继续走弱，供应端处于高位，短期价格仍将总体偏弱运行。
*   随期货波动影响，需求端阶段性释放，表示当前价格处于较低水平，库存压力暂不明显，商家持谨慎心态，价格操作空间相对有限。
*   今日硅钢市场价格继续稳中偏弱运行。早盘期螺震荡趋强，厂商观望为主，主流钢厂指导价格持稳运行，现货市场价格平稳。
*   今日市场继续窄幅趋低运行，期货盘面震荡，市场出货偏慢，预计近期市场将趋低调整。
*   从目前情况来看，中美谈判释放一些信号，给予金融市场一定提振，带动市价小幅反弹运行；然淡季预期尚存，整体需求压力不变，对于后市厂商尚维持谨慎偏悲观心态，因此综合来看，预计近期市场或冲高回落运行。
*   近日受宏观利好消息影响，黑色系期货小幅反弹，成品材及钢坯现货价格随之上行，提振市场信心。
```"
