title,link,date
6.20中联钢联合钢铁网日报,https://www.custeel.com/shouye/common/viewArticle.jsp?group=&cat=&articleID=7995625,06-20
6.19中联钢联合钢铁网日报,https://www.custeel.com/shouye/common/viewArticle.jsp?group=&cat=&articleID=7994231,06-19
6.18中联钢联合钢铁网日报,https://www.custeel.com/shouye/common/viewArticle.jsp?group=&cat=&articleID=7992894,06-18
6.17中联钢联合钢铁网日报,https://www.custeel.com/shouye/common/viewArticle.jsp?group=&cat=&articleID=7991583,06-17
6.16中联钢联合钢铁网日报,https://www.custeel.com/shouye/common/viewArticle.jsp?group=&cat=&articleID=7990257,06-16
6.13中联钢联合钢铁网日报,https://www.custeel.com/shouye/common/viewArticle.jsp?group=&cat=&articleID=7988842,06-13
6.12中联钢联合钢铁网日报,https://www.custeel.com/shouye/common/viewArticle.jsp?group=&cat=&articleID=7987545,06-12
6.11中联钢联合钢铁网日报,https://www.custeel.com/shouye/common/viewArticle.jsp?group=&cat=&articleID=7986156,06-11
6.10中联钢联合钢铁网日报,https://www.custeel.com/shouye/common/viewArticle.jsp?group=&cat=&articleID=7984826,06-10
6.9中联钢联合钢铁网日报,https://www.custeel.com/shouye/common/viewArticle.jsp?group=&cat=&articleID=7983268,06-09
6.6中联钢联合钢铁网日报,https://www.custeel.com/shouye/common/viewArticle.jsp?group=&cat=&articleID=7981914,06-06
6.5中联钢联合钢铁网日报,https://www.custeel.com/shouye/common/viewArticle.jsp?group=&cat=&articleID=7980520,06-05
6.4中联钢联合钢铁网日报,https://www.custeel.com/shouye/common/viewArticle.jsp?group=&cat=&articleID=7979174,06-04
6.3中联钢联合钢铁网日报,https://www.custeel.com/shouye/common/viewArticle.jsp?group=&cat=&articleID=7977844,06-03
5.30中联钢联合钢铁网日报,https://www.custeel.com/shouye/common/viewArticle.jsp?group=&cat=&articleID=7976427,05-30
5.29中联钢联合钢铁网日报,https://www.custeel.com/shouye/common/viewArticle.jsp?group=&cat=&articleID=7975032,05-29
5.28中联钢联合钢铁网日报,https://www.custeel.com/shouye/common/viewArticle.jsp?group=&cat=&articleID=7973696,05-28
5.27中联钢联合钢铁网日报,https://www.custeel.com/shouye/common/viewArticle.jsp?group=&cat=&articleID=7972345,05-27
5.26中联钢联合钢铁网日报,https://www.custeel.com/shouye/common/viewArticle.jsp?group=&cat=&articleID=7970808,05-26
5.23中联钢联合钢铁网日报,https://www.custeel.com/shouye/common/viewArticle.jsp?group=&cat=&articleID=7969422,05-23
5.22中联钢联合钢铁网日报,https://www.custeel.com/shouye/common/viewArticle.jsp?group=&cat=&articleID=7968068,05-22
5.21中联钢联合钢铁网日报,https://www.custeel.com/shouye/common/viewArticle.jsp?group=&cat=&articleID=7966586,05-21
5.20中联钢联合钢铁网日报,https://www.custeel.com/shouye/common/viewArticle.jsp?group=&cat=&articleID=7965136,05-20
5.19中联钢联合钢铁网日报,https://www.custeel.com/shouye/common/viewArticle.jsp?group=&cat=&articleID=7963499,05-19
5.16中联钢联合钢铁网日报,https://www.custeel.com/shouye/common/viewArticle.jsp?group=&cat=&articleID=7963476,05-16
5.15中联钢联合钢铁网日报,https://www.custeel.com/shouye/common/viewArticle.jsp?group=&cat=&articleID=7960634,05-15
5.14中联钢联合钢铁网日报,https://www.custeel.com/shouye/common/viewArticle.jsp?group=&cat=&articleID=7959152,05-14
5.13中联钢联合钢铁网日报,https://www.custeel.com/shouye/common/viewArticle.jsp?group=&cat=&articleID=7957705,05-13
5.12中联钢联合钢铁网日报,https://www.custeel.com/shouye/common/viewArticle.jsp?group=&cat=&articleID=7956150,05-12
5.9中联钢联合钢铁网日报,https://www.custeel.com/shouye/common/viewArticle.jsp?group=&cat=&articleID=7954615,05-09
5.8中联钢联合钢铁网日报,https://www.custeel.com/shouye/common/viewArticle.jsp?group=&cat=&articleID=7953080,05-08
5.7中联钢联合钢铁网日报,https://www.custeel.com/shouye/common/viewArticle.jsp?group=&cat=&articleID=7951592,05-07
5.6中联钢联合钢铁网日报,https://www.custeel.com/shouye/common/viewArticle.jsp?group=&cat=&articleID=7950058,05-06
5月冷轧市场行情简析,https://www.custeel.com/shouye/common/viewArticle.jsp?group=&cat=&articleID=7948853,04-30
4.30中联钢联合钢铁网日报,https://www.custeel.com/shouye/common/viewArticle.jsp?group=&cat=&articleID=7948370,04-30
4.29中联钢联合钢铁网日报,https://www.custeel.com/shouye/common/viewArticle.jsp?group=&cat=&articleID=7946875,04-29
4.28中联钢联合钢铁网日报,https://www.custeel.com/shouye/common/viewArticle.jsp?group=&cat=&articleID=7945354,04-28
4.27中联钢联合钢铁网日报,https://www.custeel.com/shouye/common/viewArticle.jsp?group=&cat=&articleID=7944013,04-27
4.25中联钢联合钢铁网日报,https://www.custeel.com/shouye/common/viewArticle.jsp?group=&cat=&articleID=7942454,04-25
4.24中联钢联合钢铁网日报,https://www.custeel.com/shouye/common/viewArticle.jsp?group=&cat=&articleID=7941018,04-24
4.23中联钢联合钢铁网日报,https://www.custeel.com/shouye/common/viewArticle.jsp?group=&cat=&articleID=7939533,04-23
4.22中联钢联合钢铁网日报,https://www.custeel.com/shouye/common/viewArticle.jsp?group=&cat=&articleID=7938082,04-22
4.21中联钢联合钢铁网日报,https://www.custeel.com/shouye/common/viewArticle.jsp?group=&cat=&articleID=7936371,04-21
影响当前钢材价格走势分析,https://www.custeel.com/shouye/common/viewArticle.jsp?group=&cat=&articleID=7936100,04-18
4.18中联钢联合钢铁网日报,https://www.custeel.com/shouye/common/viewArticle.jsp?group=&cat=&articleID=7934992,04-18
4.17中联钢联合钢铁网日报,https://www.custeel.com/shouye/common/viewArticle.jsp?group=&cat=&articleID=7933452,04-17
4.16中联钢联合钢铁网日报,https://www.custeel.com/shouye/common/viewArticle.jsp?group=&cat=&articleID=7931948,04-16
4.15中联钢联合钢铁网日报,https://www.custeel.com/shouye/common/viewArticle.jsp?group=&cat=&articleID=7930529,04-15
4.14中联钢联合钢铁网日报,https://www.custeel.com/shouye/common/viewArticle.jsp?group=&cat=&articleID=7928993,04-14
4.11中联钢联合钢铁网日报,https://www.custeel.com/shouye/common/viewArticle.jsp?group=&cat=&articleID=7927461,04-11
4.10中联钢联合钢铁网日报,https://www.custeel.com/shouye/common/viewArticle.jsp?group=&cat=&articleID=7925942,04-10
4.9中联钢联合钢铁网日报,https://www.custeel.com/shouye/common/viewArticle.jsp?group=&cat=&articleID=7924398,04-09
4.8中联钢联合钢铁网日报,https://www.custeel.com/shouye/common/viewArticle.jsp?group=&cat=&articleID=7922891,04-08
4.7中联钢联合钢铁网日报,https://www.custeel.com/shouye/common/viewArticle.jsp?group=&cat=&articleID=7921293,04-07
4.3中联钢联合钢铁网日报,https://www.custeel.com/shouye/common/viewArticle.jsp?group=&cat=&articleID=7919723,04-03
4.2中联钢联合钢铁网日报,https://www.custeel.com/shouye/common/viewArticle.jsp?group=&cat=&articleID=7918152,04-02
4.1中联钢联合钢铁网日报,https://www.custeel.com/shouye/common/viewArticle.jsp?group=&cat=&articleID=7916767,04-01
3.31中联钢联合钢铁网日报,https://www.custeel.com/shouye/common/viewArticle.jsp?group=&cat=&articleID=7915405,03-31
3.28中联钢联合钢铁网日报,https://www.custeel.com/shouye/common/viewArticle.jsp?group=&cat=&articleID=7913963,03-28
冷轧短期市场走势简析,https://www.custeel.com/shouye/common/viewArticle.jsp?group=&cat=&articleID=7914119,03-27
3.27中联钢联合钢铁网日报,https://www.custeel.com/shouye/common/viewArticle.jsp?group=&cat=&articleID=7912591,03-27
3.26中联钢联合钢铁网日报,https://www.custeel.com/shouye/common/viewArticle.jsp?group=&cat=&articleID=7911281,03-26
3.25中联钢联合钢铁网日报,https://www.custeel.com/shouye/common/viewArticle.jsp?group=&cat=&articleID=7909909,03-25
3.24中联钢联合钢铁网日报,https://www.custeel.com/shouye/common/viewArticle.jsp?group=&cat=&articleID=7908372,03-24
3.21中联钢联合钢铁网日报,https://www.custeel.com/shouye/common/viewArticle.jsp?group=&cat=&articleID=7906900,03-21
3.20中联钢联合钢铁网日报,https://www.custeel.com/shouye/common/viewArticle.jsp?group=&cat=&articleID=7905518,03-20
3.19中联钢联合钢铁网日报,https://www.custeel.com/shouye/common/viewArticle.jsp?group=&cat=&articleID=7903866,03-19
3.18中联钢联合钢铁网日报,https://www.custeel.com/shouye/common/viewArticle.jsp?group=&cat=&articleID=7902388,03-18
3.17中联钢联合钢铁网日报,https://www.custeel.com/shouye/common/viewArticle.jsp?group=&cat=&articleID=7901098,03-17
3.14中联钢联合钢铁网日报,https://www.custeel.com/shouye/common/viewArticle.jsp?group=&cat=&articleID=7899623,03-14
3.13中联钢联合钢铁网日报,https://www.custeel.com/shouye/common/viewArticle.jsp?group=&cat=&articleID=7898275,03-13
3.12中联钢联合钢铁网日报,https://www.custeel.com/shouye/common/viewArticle.jsp?group=&cat=&articleID=7896980,03-12
3月份冷轧行情走势分析,https://www.custeel.com/shouye/common/viewArticle.jsp?group=&cat=&articleID=7896746,03-11
3.11中联钢联合钢铁网日报,https://www.custeel.com/shouye/common/viewArticle.jsp?group=&cat=&articleID=7895492,03-11
3.10中联钢联合钢铁网日报,https://www.custeel.com/shouye/common/viewArticle.jsp?group=&cat=&articleID=7894227,03-10
3.7中联钢联合钢铁网日报,https://www.custeel.com/shouye/common/viewArticle.jsp?group=&cat=&articleID=7892737,03-07
3.6中联钢联合钢铁网日报,https://www.custeel.com/shouye/common/viewArticle.jsp?group=&cat=&articleID=7891206,03-06
3.5中联钢联合钢铁网日报,https://www.custeel.com/shouye/common/viewArticle.jsp?group=&cat=&articleID=7891057,03-05
3.4中联钢联合钢铁网日报,https://www.custeel.com/shouye/common/viewArticle.jsp?group=&cat=&articleID=7888190,03-04
3.3中联钢联合钢铁网日报,https://www.custeel.com/shouye/common/viewArticle.jsp?group=&cat=&articleID=7886454,03-03
2.28中联钢联合钢铁网日报,https://www.custeel.com/shouye/common/viewArticle.jsp?group=&cat=&articleID=7885015,02-28
2.27中联钢联合钢铁网日报,https://www.custeel.com/shouye/common/viewArticle.jsp?group=&cat=&articleID=7883729,02-27
2.26中联钢联合钢铁网日报,https://www.custeel.com/shouye/common/viewArticle.jsp?group=&cat=&articleID=7882273,02-26
2.25中联钢联合钢铁网日报,https://www.custeel.com/shouye/common/viewArticle.jsp?group=&cat=&articleID=7880983,02-25
2.24中联钢联合钢铁网日报,https://www.custeel.com/shouye/common/viewArticle.jsp?group=&cat=&articleID=7879539,02-24
冷轧短期价格走势分析,https://www.custeel.com/shouye/common/viewArticle.jsp?group=&cat=&articleID=7879334,02-21
2.21中联钢联合钢铁网日报,https://www.custeel.com/shouye/common/viewArticle.jsp?group=&cat=&articleID=7878040,02-21
2.20中联钢联合钢铁网日报,https://www.custeel.com/shouye/common/viewArticle.jsp?group=&cat=&articleID=7876668,02-20
2.19中联钢联合钢铁网日报,https://www.custeel.com/shouye/common/viewArticle.jsp?group=&cat=&articleID=7875250,02-19
2.18中联钢联合钢铁网日报,https://www.custeel.com/shouye/common/viewArticle.jsp?group=&cat=&articleID=7873854,02-18
2.17中联钢联合钢铁网日报,https://www.custeel.com/shouye/common/viewArticle.jsp?group=&cat=&articleID=7872414,02-17
2.14中联钢联合钢铁网日报,https://www.custeel.com/shouye/common/viewArticle.jsp?group=&cat=&articleID=7871090,02-14
2.13中联钢联合钢铁网日报,https://www.custeel.com/shouye/common/viewArticle.jsp?group=&cat=&articleID=7869761,02-13
2.12中联钢联合钢铁网日报,https://www.custeel.com/shouye/common/viewArticle.jsp?group=&cat=&articleID=7868441,02-12
2.11中联钢联合钢铁网日报,https://www.custeel.com/shouye/common/viewArticle.jsp?group=&cat=&articleID=7867062,02-11
2.10中联钢联合钢铁网日报,https://www.custeel.com/shouye/common/viewArticle.jsp?group=&cat=&articleID=7865813,02-10
2.8中联钢联合钢铁网日报,https://www.custeel.com/shouye/common/viewArticle.jsp?group=&cat=&articleID=7864391,02-08
2.7中联钢联合钢铁网日报,https://www.custeel.com/shouye/common/viewArticle.jsp?group=&cat=&articleID=7862991,02-07
2.6中联钢联合钢铁网日报,https://www.custeel.com/shouye/common/viewArticle.jsp?group=&cat=&articleID=7861273,02-06
春节期间宏观重要信息及节后钢材走势简析,https://www.custeel.com/shouye/common/viewArticle.jsp?group=&cat=&articleID=7862524,02-05
